ticker,name,sector,country,suffix,index,yf_ticker
ADS,Adidas,Consumer Discretionary,Germany,.DE,DAX,ADS.DE
AIR,Airbus,Industrials,Germany,.DE,DAX,AIR.DE
ALV,Allianz,Insurance,Germany,.DE,DAX,ALV.DE
BAS,BASF,Materials,Germany,.DE,DAX,BAS.DE
BAYN,Bayer,Health Care,Germany,.DE,DAX,BAYN.DE
BEI,Beiersdorf,Consumer Staples,Germany,.DE,DAX,BEI.DE
BMW,BMW,Consumer Discretionary,Germany,.DE,DAX,BMW.DE
BNR,Brenntag,Industrials,Germany,.DE,DAX,BNR.DE
CBK,Commerzbank,Financials,Germany,.DE,DAX,CBK.DE
CON,Continental,Consumer Discretionary,Germany,.DE,DAX,CON.DE
1COV,Covestro,Materials,Germany,.DE,DAX,1COV.DE
DB1,Deutsche Boerse,Financials,Germany,.DE,DAX,DB1.DE
DBK,Deutsche Bank,Financials,Germany,.DE,DAX,DBK.DE
DHL,DHL Group,Industrials,Germany,.DE,DAX,DHL.DE
DTE,Deutsche Telekom,Communication Services,Germany,.DE,DAX,DTE.DE
DTG,Daimler Truck,Industrials,Germany,.DE,DAX,DTG.DE
EOAN,E.ON,Utilities,Germany,.DE,DAX,EOAN.DE
ENR,Siemens Energy,Industrials,Germany,.DE,DAX,ENR.DE
FRE,Fresenius,Health Care,Germany,.DE,DAX,FRE.DE
HEI,Heidelberg Materials,Materials,Germany,.DE,DAX,HEI.DE
HEN3,Henkel,Consumer Staples,Germany,.DE,DAX,HEN3.DE
HNR1,Hannover Re,Insurance,Germany,.DE,DAX,HNR1.DE
IFX,Infineon Technologies,Information Technology,Germany,.DE,DAX,IFX.DE
MBG,Mercedes-Benz Group,Consumer Discretionary,Germany,.DE,DAX,MBG.DE
MRK,Merck KGaA,Health Care,Germany,.DE,DAX,MRK.DE
MTX,MTU Aero Engines,Industrials,Germany,.DE,DAX,MTX.DE
MUV2,Munich Re,Insurance,Germany,.DE,DAX,MUV2.DE
PAH3,Porsche Automobil Holding,Consumer Discretionary,Germany,.DE,DAX,PAH3.DE
P911,Porsche AG,Consumer Discretionary,Germany,.DE,DAX,P911.DE
QIA,Qiagen,Health Care,Germany,.DE,DAX,QIA.DE
RHM,Rheinmetall,Industrials,Germany,.DE,DAX,RHM.DE
RWE,RWE,Utilities,Germany,.DE,DAX,RWE.DE
SAP,SAP,Information Technology,Germany,.DE,DAX,SAP.DE
SRT3,Sartorius,Health Care,Germany,.DE,DAX,SRT3.DE
SIE,Siemens,Industrials,Germany,.DE,DAX,SIE.DE
SHL,Siemens Healthineers,Health Care,Germany,.DE,DAX,SHL.DE
SY1,Symrise,Materials,Germany,.DE,DAX,SY1.DE
VNA,Vonovia,Real Estate,Germany,.DE,DAX,VNA.DE
VOW3,Volkswagen,Consumer Discretionary,Germany,.DE,DAX,VOW3.DE
ZAL,Zalando,Consumer Discretionary,Germany,.DE,DAX,ZAL.DE
AFX,Carl Zeiss Meditec,Health Care,Germany,.DE,MDAX,AFX.DE
AIXA,Aixtron,Information Technology,Germany,.DE,MDAX,AIXA.DE
BC8,Bechtle,Information Technology,Germany,.DE,MDAX,BC8.DE
BOSS,Hugo Boss,Consumer Discretionary,Germany,.DE,MDAX,BOSS.DE
EVK,Evonik Industries,Materials,Germany,.DE,MDAX,EVK.DE
FME,Fresenius Medical Care,Health Care,Germany,.DE,MDAX,FME.DE
FPE3,Fuchs SE,Materials,Germany,.DE,MDAX,FPE3.DE
G1A,GEA Group,Industrials,Germany,.DE,MDAX,G1A.DE
GXI,Gerresheimer,Health Care,Germany,.DE,MDAX,GXI.DE
KGX,Kion Group,Industrials,Germany,.DE,MDAX,KGX.DE
KRN,Krones,Industrials,Germany,.DE,MDAX,KRN.DE
LEG,LEG Immobilien,Real Estate,Germany,.DE,MDAX,LEG.DE
LXS,Lanxess,Materials,Germany,.DE,MDAX,LXS.DE
NEM,Nemetschek,Information Technology,Germany,.DE,MDAX,NEM.DE
NDX1,Nordex,Industrials,Germany,.DE,MDAX,NDX1.DE
PUM,Puma,Consumer Discretionary,Germany,.DE,MDAX,PUM.DE
RAA,Rational,Industrials,Germany,.DE,MDAX,RAA.DE
TLX,Talanx,Insurance,Germany,.DE,MDAX,TLX.DE
UTDI,United Internet,Communication Services,Germany,.DE,MDAX,UTDI.DE
WAF,Siltronic,Information Technology,Germany,.DE,MDAX,WAF.DE
WCH,Wacker Chemie,Materials,Germany,.DE,MDAX,WCH.DE
G24,Scout24,Communication Services,Germany,.DE,MDAX,G24.DE
HLAG,Hapag-Lloyd,Industrials,Germany,.DE,MDAX,HLAG.DE
TKA,thyssenkrupp,Industrials,Germany,.DE,MDAX,TKA.DE
HOT,Hochtief,Industrials,Germany,.DE,MDAX,HOT.DE
FNTN,freenet,Communication Services,Germany,.DE,SDAX,FNTN.DE
EVD,CTS Eventim,Communication Services,Germany,.DE,SDAX,EVD.DE
BYW6,BayWa,Consumer Staples,Germany,.DE,SDAX,BYW6.DE
CWC,CEWE Stiftung,Consumer Discretionary,Germany,.DE,SDAX,CWC.DE
FTK,flatexDEGIRO,Financials,Germany,.DE,SDAX,FTK.DE
GFT,GFT Technologies,Information Technology,Germany,.DE,SDAX,GFT.DE
HBH,Hornbach Holding,Consumer Discretionary,Germany,.DE,SDAX,HBH.DE
HDD,Heidelberger Druckmaschinen,Industrials,Germany,.DE,SDAX,HDD.DE
INH,Indus Holding,Industrials,Germany,.DE,SDAX,INH.DE
JEN,Jenoptik,Information Technology,Germany,.DE,SDAX,JEN.DE
JUN3,Jungheinrich,Industrials,Germany,.DE,SDAX,JUN3.DE
KWS,KWS Saat,Consumer Staples,Germany,.DE,SDAX,KWS.DE
NOEJ,Norma Group,Industrials,Germany,.DE,SDAX,NOEJ.DE
SFQ,SAF-Holland,Industrials,Germany,.DE,SDAX,SFQ.DE
SGL,SGL Carbon,Materials,Germany,.DE,SDAX,SGL.DE
STO3,Sto SE,Industrials,Germany,.DE,SDAX,STO3.DE
VBK,Verbio,Energy,Germany,.DE,SDAX,VBK.DE
SBS,Stratec SE,Health Care,Germany,.DE,SDAX,SBS.DE
DEQ,Deutsche EuroShop,Real Estate,Germany,.DE,SDAX,DEQ.DE
AG1,Auto1 Group,Consumer Discretionary,Germany,.DE,SDAX,AG1.DE
PBB,Deutsche Pfandbriefbank,Financials,Germany,.DE,SDAX,PBB.DE
BVB,Borussia Dortmund,Communication Services,Germany,.DE,SDAX,BVB.DE
S92,SMA Solar Technology,Information Technology,Germany,.DE,SDAX,S92.DE
EUZ,Eckert und Ziegler,Health Care,Germany,.DE,SDAX,EUZ.DE
PNE3,PNE AG,Utilities,Germany,.DE,SDAX,PNE3.DE
WAC,Wacker Neuson,Industrials,Germany,.DE,SDAX,WAC.DE
ELG,Elmos Semiconductor,Information Technology,Germany,.DE,TecDAX,ELG.DE
DRW3,Draegerwerk,Health Care,Germany,.DE,TecDAX,DRW3.DE
1U1,1&1 AG,Communication Services,Germany,.DE,TecDAX,1U1.DE
SDF,K+S,Materials,Germany,.DE,MDAX,SDF.DE
LHA,Lufthansa,Industrials,Germany,.DE,MDAX,LHA.DE
TEG,TAG Immobilien,Real Estate,Germany,.DE,MDAX,TEG.DE
SZG,Salzgitter,Materials,Germany,.DE,SDAX,SZG.DE
OMV,OMV,Energy,Austria,.VI,ATX,OMV.VI
VOE,voestalpine,Materials,Austria,.VI,ATX,VOE.VI
EBS,Erste Group Bank,Financials,Austria,.VI,ATX,EBS.VI
WIE,Wienerberger,Materials,Austria,.VI,ATX,WIE.VI
SBO,Schoeller-Bleckmann,Energy,Austria,.VI,ATX,SBO.VI
VER,Verbund,Utilities,Austria,.VI,ATX,VER.VI
RBI,Raiffeisen Bank International,Financials,Austria,.VI,ATX,RBI.VI
LNZ,Lenzing,Materials,Austria,.VI,ATX,LNZ.VI
FLU,Flughafen Wien,Industrials,Austria,.VI,ATX,FLU.VI
POST,Oesterreichische Post,Industrials,Austria,.VI,ATX,POST.VI
BG,BAWAG Group,Financials,Austria,.VI,ATX,BG.VI
ATS,AT&S,Information Technology,Austria,.VI,ATX,ATS.VI
PAL,Palfinger,Industrials,Austria,.VI,ATX,PAL.VI
UQA,UNIQA Insurance,Insurance,Austria,.VI,ATX,UQA.VI
ANDR,Andritz,Industrials,Austria,.VI,ATX,ANDR.VI
NESN,Nestle,Consumer Staples,Switzerland,.SW,SMI,NESN.SW
NOVN,Novartis,Health Care,Switzerland,.SW,SMI,NOVN.SW
ROG,Roche,Health Care,Switzerland,.SW,SMI,ROG.SW
UBSG,UBS Group,Financials,Switzerland,.SW,SMI,UBSG.SW
ZURN,Zurich Insurance,Insurance,Switzerland,.SW,SMI,ZURN.SW
ABBN,ABB,Industrials,Switzerland,.SW,SMI,ABBN.SW
SREN,Swiss Re,Insurance,Switzerland,.SW,SMI,SREN.SW
SIKA,Sika,Materials,Switzerland,.SW,SMI,SIKA.SW
LONN,Lonza Group,Health Care,Switzerland,.SW,SMI,LONN.SW
SLHN,Swiss Life,Insurance,Switzerland,.SW,SMI,SLHN.SW
CFR,Richemont,Consumer Discretionary,Switzerland,.SW,SMI,CFR.SW
GEBN,Geberit,Industrials,Switzerland,.SW,SMI,GEBN.SW
SCMN,Swisscom,Communication Services,Switzerland,.SW,SMI,SCMN.SW
GIVN,Givaudan,Materials,Switzerland,.SW,SMI,GIVN.SW
HOLN,Holcim,Materials,Switzerland,.SW,SMI,HOLN.SW
LOGN,Logitech,Information Technology,Switzerland,.SW,SMI,LOGN.SW
PGHN,Partners Group,Financials,Switzerland,.SW,SMI,PGHN.SW
SGSN,SGS,Industrials,Switzerland,.SW,SMI,SGSN.SW
BAER,Julius Baer,Financials,Switzerland,.SW,SMI,BAER.SW
ALC,Alcon,Health Care,Switzerland,.SW,SMI,ALC.SW
SOON,Sonova,Health Care,Switzerland,.SW,SMIM,SOON.SW
BARN,Barry Callebaut,Consumer Staples,Switzerland,.SW,SMIM,BARN.SW
TEMN,Temenos,Information Technology,Switzerland,.SW,SMIM,TEMN.SW
VACN,VAT Group,Industrials,Switzerland,.SW,SMIM,VACN.SW
STMN,Straumann,Health Care,Switzerland,.SW,SMIM,STMN.SW
BUCN,Bucher Industries,Industrials,Switzerland,.SW,SMIM,BUCN.SW
DUFN,Avolta,Consumer Discretionary,Switzerland,.SW,SMIM,DUFN.SW
FLUN,Flughafen Zuerich,Industrials,Switzerland,.SW,SMIM,FLUN.SW
EMMN,Emmi,Consumer Staples,Switzerland,.SW,SMIM,EMMN.SW
BELM,Belimo,Industrials,Switzerland,.SW,SMIM,BELM.SW
ML,Michelin,Consumer Discretionary,France,.PA,SBF_120,ML.PA
DG,Vinci,Industrials,France,.PA,SBF_120,DG.PA
SU,Schneider Electric,Industrials,France,.PA,SBF_120,SU.PA
AI,Air Liquide,Materials,France,.PA,SBF_120,AI.PA
BN,Danone,Consumer Staples,France,.PA,SBF_120,BN.PA
RI,Pernod Ricard,Consumer Staples,France,.PA,SBF_120,RI.PA
SW,Sodexo,Consumer Discretionary,France,.PA,CAC_Mid_60,SW.PA
SK,SEB SA,Consumer Discretionary,France,.PA,CAC_Mid_60,SK.PA
ITP,Interparfums,Consumer Discretionary,France,.PA,CAC_Mid_60,ITP.PA
SOI,Soitec,Information Technology,France,.PA,CAC_Mid_60,SOI.PA
UBI,Ubisoft,Communication Services,France,.PA,CAC_Mid_60,UBI.PA
FNAC,Fnac Darty,Consumer Discretionary,France,.PA,CAC_Mid_60,FNAC.PA
TRI,Trigano,Consumer Discretionary,France,.PA,CAC_Mid_60,TRI.PA
RUI,Rubis,Energy,France,.PA,CAC_Mid_60,RUI.PA
VIRP,Virbac,Health Care,France,.PA,CAC_Mid_60,VIRP.PA
LDC,LDC SA,Consumer Staples,France,.PA,CAC_Mid_60,LDC.PA
GBT,Guerbet,Health Care,France,.PA,CAC_Mid_60,GBT.PA
RCO,Remy Cointreau,Consumer Staples,France,.PA,CAC_Mid_60,RCO.PA
ELIS,Elis,Industrials,France,.PA,CAC_Mid_60,ELIS.PA
DEC,JCDecaux,Communication Services,France,.PA,CAC_Mid_60,DEC.PA
BOI,Boiron,Health Care,France,.PA,France_Small,BOI.PA
SPIE,Spie,Industrials,France,.PA,CAC_Mid_60,SPIE.PA
BAIN,Bain de Bretagne,Consumer Discretionary,France,.PA,France_Small,BAIN.PA
MTR,Manitou,Industrials,France,.PA,France_Small,MTR.PA
HEXA,Hexaom,Consumer Discretionary,France,.PA,France_Small,HEXA.PA
ASML,ASML,Information Technology,Netherlands,.AS,AEX,ASML.AS
INGA,ING Group,Financials,Netherlands,.AS,AEX,INGA.AS
PHIA,Philips,Health Care,Netherlands,.AS,AEX,PHIA.AS
AD,Ahold Delhaize,Consumer Staples,Netherlands,.AS,AEX,AD.AS
ARCAD,Arcadis,Industrials,Netherlands,.AS,AMX,ARCAD.AS
FUR,Fugro,Energy,Netherlands,.AS,AMX,FUR.AS
TWEKA,TKH Group,Information Technology,Netherlands,.AS,AMX,TWEKA.AS
BFIT,Basic-Fit,Consumer Discretionary,Netherlands,.AS,AMX,BFIT.AS
BRNL,Brunel International,Industrials,Netherlands,.AS,AMX,BRNL.AS
AMG,AMG Advanced Metallurgical,Materials,Netherlands,.AS,AMX,AMG.AS
ALFEN,Alfen,Industrials,Netherlands,.AS,AMX,ALFEN.AS
LIGHT,Signify,Industrials,Netherlands,.AS,AMX,LIGHT.AS
JDEP,JDE Peets,Consumer Staples,Netherlands,.AS,AMX,JDEP.AS
RAND,Randstad,Industrials,Netherlands,.AS,AEX,RAND.AS
UCB,UCB,Health Care,Belgium,.BR,BEL_20,UCB.BR
SOLB,Solvay,Materials,Belgium,.BR,BEL_20,SOLB.BR
UMI,Umicore,Materials,Belgium,.BR,BEL_20,UMI.BR
GBLB,GBL,Financials,Belgium,.BR,BEL_20,GBLB.BR
COFB,Cofinimmo,Real Estate,Belgium,.BR,BEL_20,COFB.BR
MELE,Melexis,Information Technology,Belgium,.BR,BEL_20,MELE.BR
BPOST,bpost,Industrials,Belgium,.BR,BEL_20,BPOST.BR
EVS,EVS Broadcast Equipment,Information Technology,Belgium,.BR,Belgium_Mid,EVS.BR
IP,Interpump Group,Industrials,Italy,.MI,FTSE_MIB,IP.MI
AMP,Amplifon,Health Care,Italy,.MI,FTSE_MIB,AMP.MI
BRE,Brembo,Consumer Discretionary,Italy,.MI,FTSE_MIB,BRE.MI
REY,Reply,Information Technology,Italy,.MI,Italy_Mid,REY.MI
CRL,Carel Industries,Industrials,Italy,.MI,Italy_Mid,CRL.MI
DLG,De Longhi,Consumer Discretionary,Italy,.MI,Italy_Mid,DLG.MI
TGYM,Technogym,Consumer Discretionary,Italy,.MI,Italy_Mid,TGYM.MI
DAL,Datalogic,Information Technology,Italy,.MI,Italy_Mid,DAL.MI
BC,Brunello Cucinelli,Consumer Discretionary,Italy,.MI,FTSE_MIB,BC.MI
MONC,Moncler,Consumer Discretionary,Italy,.MI,FTSE_MIB,MONC.MI
RACE,Ferrari,Consumer Discretionary,Italy,.MI,FTSE_MIB,RACE.MI
AZM,Azimut Holding,Financials,Italy,.MI,FTSE_MIB,AZM.MI
SRG,Snam,Utilities,Italy,.MI,FTSE_MIB,SRG.MI
VIS,Viscofan,Consumer Staples,Spain,.MC,IBEX_35,VIS.MC
CIE,CIE Automotive,Consumer Discretionary,Spain,.MC,Spain_Mid,CIE.MC
CAF,CAF,Industrials,Spain,.MC,Spain_Mid,CAF.MC
LOG,Logista,Industrials,Spain,.MC,Spain_Mid,LOG.MC
VID,Vidrala,Materials,Spain,.MC,Spain_Mid,VID.MC
A3M,Atresmedia,Communication Services,Spain,.MC,Spain_Mid,A3M.MC
FDR,Fluidra,Industrials,Spain,.MC,IBEX_35,FDR.MC
MEL,Melia Hotels,Consumer Discretionary,Spain,.MC,IBEX_35,MEL.MC
NIBE-B,Nibe Industrier,Industrials,Sweden,.ST,OMX_30,NIBE-B.ST
SWEC-B,Sweco,Industrials,Sweden,.ST,OMX_Mid,SWEC-B.ST
ADDT-B,Addtech,Industrials,Sweden,.ST,OMX_Mid,ADDT-B.ST
LAGR-B,Lagercrantz,Industrials,Sweden,.ST,OMX_Mid,LAGR-B.ST
LIFCO-B,Lifco,Industrials,Sweden,.ST,OMX_Mid,LIFCO-B.ST
HMS,HMS Networks,Information Technology,Sweden,.ST,OMX_Mid,HMS.ST
VITR,Vitrolife,Health Care,Sweden,.ST,OMX_Mid,VITR.ST
BUFAB,Bufab,Industrials,Sweden,.ST,Sweden_Small,BUFAB.ST
BEIA-B,Beijer Alma,Industrials,Sweden,.ST,Sweden_Small,BEIA-B.ST
SECT-B,Sectra,Health Care,Sweden,.ST,OMX_Mid,SECT-B.ST
GETI-B,Getinge,Health Care,Sweden,.ST,OMX_30,GETI-B.ST
ALFA,Alfa Laval,Industrials,Sweden,.ST,OMX_30,ALFA.ST
ASSA-B,Assa Abloy,Industrials,Sweden,.ST,OMX_30,ASSA-B.ST
ELUX-B,Electrolux,Consumer Discretionary,Sweden,.ST,OMX_30,ELUX-B.ST
SAND,Sandvik,Industrials,Sweden,.ST,OMX_30,SAND.ST
MOWI,Mowi,Consumer Staples,Norway,.OL,OBX,MOWI.OL
SCATC,Scatec,Utilities,Norway,.OL,OBX,SCATC.OL
AKSO,Aker Solutions,Energy,Norway,.OL,OBX,AKSO.OL
TGS,TGS,Energy,Norway,.OL,OBX,TGS.OL
KOG,Kongsberg Gruppen,Industrials,Norway,.OL,OBX,KOG.OL
BWLPG,BW LPG,Energy,Norway,.OL,OBX,BWLPG.OL
SUBC,Subsea 7,Energy,Norway,.OL,OBX,SUBC.OL
BAKKA,Bakkafrost,Consumer Staples,Norway,.OL,Norway_Mid,BAKKA.OL
GJF,Gjensidige Forsikring,Insurance,Norway,.OL,OBX,GJF.OL
RBREW,Royal Unibrew,Consumer Staples,Denmark,.CO,C25,RBREW.CO
COLO-B,Coloplast,Health Care,Denmark,.CO,C25,COLO-B.CO
DEMANT,Demant,Health Care,Denmark,.CO,C25,DEMANT.CO
ROCK-B,Rockwool,Industrials,Denmark,.CO,C25,ROCK-B.CO
GN,GN Audio,Health Care,Denmark,.CO,C25,GN.CO
AMBU-B,Ambu,Health Care,Denmark,.CO,C25,AMBU-B.CO
JYSK,Jyske Bank,Financials,Denmark,.CO,C25,JYSK.CO
KCR,Konecranes,Industrials,Finland,.HE,OMX_H25,KCR.HE
VALMT,Valmet,Industrials,Finland,.HE,OMX_H25,VALMT.HE
KEMIRA,Kemira,Materials,Finland,.HE,OMX_H25,KEMIRA.HE
METSB,Metsa Board,Materials,Finland,.HE,OMX_H25,METSB.HE
CGCBV,Cargotec,Industrials,Finland,.HE,OMX_H25,CGCBV.HE
KNEBV,Kone,Industrials,Finland,.HE,OMX_H25,KNEBV.HE
EDP,EDP,Utilities,Portugal,.LS,PSI,EDP.LS
GALP,Galp Energia,Energy,Portugal,.LS,PSI,GALP.LS
SON,Sonae,Consumer Staples,Portugal,.LS,PSI,SON.LS
JMT,Jeronimo Martins,Consumer Staples,Portugal,.LS,PSI,JMT.LS
AOF,Atoss Software,Information Technology,Germany,.DE,Germany_Small,AOF.DE
COK,CANCOM,Information Technology,Germany,.DE,SDAX,COK.DE
COP,CompuGroup Medical,Health Care,Germany,.DE,SDAX,COP.DE
DMP,Dermapharm,Health Care,Germany,.DE,SDAX,DMP.DE
HYQ,Hypoport,Information Technology,Germany,.DE,SDAX,HYQ.DE
IXX,INIT Innovation,Information Technology,Germany,.DE,Germany_Small,IXX.DE
KTN,Kontron,Information Technology,Germany,.DE,SDAX,KTN.DE
LPK,LPKF Laser,Information Technology,Germany,.DE,Germany_Small,LPK.DE
MBB,MBB SE,Industrials,Germany,.DE,Germany_Small,MBB.DE
NA9,Nagarro,Information Technology,Germany,.DE,SDAX,NA9.DE
PAT,Patrizia,Real Estate,Germany,.DE,SDAX,PAT.DE
SMHN,SUESS MicroTec,Information Technology,Germany,.DE,SDAX,SMHN.DE
TPE,PVA TePla,Information Technology,Germany,.DE,SDAX,TPE.DE
TTR1,technotrans,Industrials,Germany,.DE,Germany_Small,TTR1.DE
YSN,Secunet Security,Information Technology,Germany,.DE,TecDAX,YSN.DE
PSM,ProSiebenSat.1,Communication Services,Germany,.DE,MDAX,PSM.DE
NB2,Northern Data,Information Technology,Germany,.DE,Germany_Small,NB2.DE
DBAN,Deutsche Beteiligungs AG,Financials,Germany,.DE,SDAX,DBAN.DE
RIB,RIB Software,Information Technology,Germany,.DE,Germany_Small,RIB.DE
GTT,GTT,Industrials,France,.PA,France_Mid,GTT.PA
IPN,Ipsen,Health Care,France,.PA,SBF_120,IPN.PA
COFA,Coface,Financials,France,.PA,France_Mid,COFA.PA
DBG,Derichebourg,Industrials,France,.PA,France_Mid,DBG.PA
NXI,Nexity,Real Estate,France,.PA,France_Mid,NXI.PA
POM,Plastic Omnium,Consumer Discretionary,France,.PA,SBF_120,POM.PA
VCT,Vicat,Materials,France,.PA,France_Mid,VCT.PA
VETO,Vetoquinol,Health Care,France,.PA,France_Small,VETO.PA
KOF,Kaufman and Broad,Consumer Discretionary,France,.PA,France_Small,KOF.PA
MDM,Maisons du Monde,Consumer Discretionary,France,.PA,France_Small,MDM.PA
CRI,Chargeurs,Industrials,France,.PA,France_Small,CRI.PA
MRN,Mersen,Industrials,France,.PA,France_Mid,MRN.PA
BIG,Bigben Interactive,Communication Services,France,.PA,France_Small,BIG.PA
RF,Eurazeo,Financials,France,.PA,SBF_120,RF.PA
THEP,Thermador Groupe,Industrials,France,.PA,France_Small,THEP.PA
DIM,Sartorius Stedim Biotech,Health Care,France,.PA,SBF_120,DIM.PA
EN,Bouygues,Industrials,France,.PA,SBF_120,EN.PA
TNXT,Tinexta,Information Technology,Italy,.MI,Italy_Mid,TNXT.MI
ZV,Zignago Vetro,Materials,Italy,.MI,Italy_Small,ZV.MI
MARR,MARR,Consumer Staples,Italy,.MI,Italy_Mid,MARR.MI
JUVE,Juventus FC,Communication Services,Italy,.MI,Italy_Small,JUVE.MI
PIA,Piaggio,Consumer Discretionary,Italy,.MI,Italy_Mid,PIA.MI
TOD,Tods,Consumer Discretionary,Italy,.MI,Italy_Mid,TOD.MI
SFER,Salvatore Ferragamo,Consumer Discretionary,Italy,.MI,Italy_Mid,SFER.MI
CAF,CAF,Industrials,Spain,.MC,Spain_Mid,CAF.MC
VIS,Viscofan,Consumer Staples,Spain,.MC,Spain_Mid,VIS.MC
VID,Vidrala,Materials,Spain,.MC,Spain_Mid,VID.MC
CIE,CIE Automotive,Consumer Discretionary,Spain,.MC,Spain_Mid,CIE.MC
MEL,Melia Hotels,Consumer Discretionary,Spain,.MC,IBEX_35,MEL.MC
LOG,Logista,Industrials,Spain,.MC,IBEX_35,LOG.MC
A3M,Atresmedia,Communication Services,Spain,.MC,Spain_Mid,A3M.MC
FDR,Fluidra,Industrials,Spain,.MC,IBEX_35,FDR.MC
ANOD-B,Addnode Group,Information Technology,Sweden,.ST,Sweden_Small,ANOD-B.ST
BEIJ-B,Beijer Ref,Industrials,Sweden,.ST,OMX_Mid_SE,BEIJ-B.ST
EMBRAC-B,Embracer Group,Communication Services,Sweden,.ST,OMX_Mid_SE,EMBRAC-B.ST
FNOX,Fortnox,Information Technology,Sweden,.ST,OMX_Mid_SE,FNOX.ST
HTRO,Hexatronic,Information Technology,Sweden,.ST,Sweden_Small,HTRO.ST
HPOL-B,Hexpol,Materials,Sweden,.ST,OMX_Mid_SE,HPOL-B.ST
MIPS,MIPS,Consumer Discretionary,Sweden,.ST,Sweden_Small,MIPS.ST
MTRS,Munters,Industrials,Sweden,.ST,OMX_Mid_SE,MTRS.ST
NMAN,Nederman,Industrials,Sweden,.ST,Sweden_Small,NMAN.ST
SUS,Surgical Science,Health Care,Sweden,.ST,Sweden_Small,SUS.ST
TROAX,Troax,Industrials,Sweden,.ST,Sweden_Small,TROAX.ST
VIT-B,Vitec Software,Information Technology,Sweden,.ST,Sweden_Small,VIT-B.ST
MCOV-B,Medicover,Health Care,Sweden,.ST,OMX_Mid_SE,MCOV-B.ST
ADDV-B,AddLife,Health Care,Sweden,.ST,OMX_Mid_SE,ADDV-B.ST
CINT,CINT Group,Information Technology,Sweden,.ST,Sweden_Small,CINT.ST
AUTO,AutoStore,Industrials,Norway,.OL,Norway_Mid,AUTO.OL
CRAYN,Crayon,Information Technology,Norway,.OL,Norway_Mid,CRAYN.OL
HEX,Hexagon Composites,Industrials,Norway,.OL,Norway_Mid,HEX.OL
KIT,Kitron,Information Technology,Norway,.OL,Norway_Small,KIT.OL
NOD,Nordic Semiconductor,Information Technology,Norway,.OL,OBX,NOD.OL
ATEA,Atea,Information Technology,Norway,.OL,Norway_Mid,ATEA.OL
BRG,Borregaard,Materials,Norway,.OL,Norway_Mid,BRG.OL
TOM,Tomra,Industrials,Norway,.OL,OBX,TOM.OL
WAWI,Wallenius Wilhelmsen,Industrials,Norway,.OL,OBX,WAWI.OL
SCATC,Scatec,Utilities,Norway,.OL,OBX,SCATC.OL
ALK-B,ALK-Abello,Health Care,Denmark,.CO,Denmark_Mid,ALK-B.CO
CHEMM,ChemoMetec,Health Care,Denmark,.CO,Denmark_Small,CHEMM.CO
FLS,FLSmidth,Industrials,Denmark,.CO,C25,FLS.CO
NETC,Netcompany,Information Technology,Denmark,.CO,C25,NETC.CO
TOP,Topdanmark,Insurance,Denmark,.CO,Denmark_Mid,TOP.CO
PNDORA,Pandora,Consumer Discretionary,Denmark,.CO,C25,PNDORA.CO
REG1V,Revenio,Health Care,Finland,.HE,Finland_Mid,REG1V.HE
ORNBV,Orion,Health Care,Finland,.HE,OMX_H25,ORNBV.HE
CDR,CD Projekt,Communication Services,Poland,.WA,WIG20,CDR.WA
ALE,Allegro,Consumer Discretionary,Poland,.WA,WIG20,ALE.WA
DNP,Dino Polska,Consumer Staples,Poland,.WA,WIG20,DNP.WA
KGH,KGHM,Materials,Poland,.WA,WIG20,KGH.WA
LPP,LPP,Consumer Discretionary,Poland,.WA,WIG20,LPP.WA
PCO,Pepco,Consumer Discretionary,Poland,.WA,mWIG40,PCO.WA
PZU,PZU,Insurance,Poland,.WA,WIG20,PZU.WA
PKN,PKN Orlen,Energy,Poland,.WA,WIG20,PKN.WA
PEO,Pekao,Financials,Poland,.WA,WIG20,PEO.WA
CCC,CCC,Consumer Discretionary,Poland,.WA,mWIG40,CCC.WA
ACP,Asseco Poland,Information Technology,Poland,.WA,mWIG40,ACP.WA
BHW,Bank Handlowy,Financials,Poland,.WA,mWIG40,BHW.WA
LVC,LiveChat Software,Information Technology,Poland,.WA,mWIG40,LVC.WA
TEN,Ten Square Games,Communication Services,Poland,.WA,mWIG40,TEN.WA
BFT,Benefit Systems,Consumer Discretionary,Poland,.WA,mWIG40,BFT.WA
ING,ING Bank Slaski,Financials,Poland,.WA,mWIG40,ING.WA
CMR,Comarch,Information Technology,Poland,.WA,mWIG40,CMR.WA
ATC,Arctic Paper,Materials,Poland,.WA,mWIG40,ATC.WA
BATS,British American Tobacco,Consumer Staples,UK,.L,FTSE_250,BATS.L
RTO,Rentokil Initial,Industrials,UK,.L,FTSE_250,RTO.L
SMDS,Smith DS,Materials,UK,.L,FTSE_250,SMDS.L
WEIR,Weir Group,Industrials,UK,.L,FTSE_250,WEIR.L
RR,Rolls-Royce Holdings,Industrials,UK,.L,FTSE_250,RR.L
IMB,Imperial Brands,Consumer Staples,UK,.L,FTSE_250,IMB.L
HLMA,Halma,Information Technology,UK,.L,FTSE_250,HLMA.L
SMIN,Smiths Group,Industrials,UK,.L,FTSE_250,SMIN.L
BNZL,Bunzl,Industrials,UK,.L,FTSE_250,BNZL.L
MGGT,Meggitt,Industrials,UK,.L,UK_Mid,MGGT.L
QQ,QinetiQ,Industrials,UK,.L,FTSE_250,QQ.L
BDEV,Barratt Developments,Consumer Discretionary,UK,.L,FTSE_250,BDEV.L
TW,Taylor Wimpey,Consumer Discretionary,UK,.L,FTSE_250,TW.L
MNDI,Mondi,Materials,UK,.L,FTSE_250,MNDI.L
JMAT,Johnson Matthey,Materials,UK,.L,FTSE_250,JMAT.L
SPX,Spirax-Sarco Engineering,Industrials,UK,.L,FTSE_250,SPX.L
OXIG,Oxford Instruments,Information Technology,UK,.L,UK_Mid,OXIG.L
DPLM,Diploma,Industrials,UK,.L,FTSE_250,DPLM.L
RS1,RS Group,Industrials,UK,.L,FTSE_250,RS1.L
OPHR,Ophrys,Energy,Greece,.AT,ATHEX,OPHR.AT
EUROB,Eurobank Ergasias,Financials,Greece,.AT,ATHEX,EUROB.AT
ALPHA,Alpha Services and Holdings,Financials,Greece,.AT,ATHEX,ALPHA.AT
MYTIL,Mytilineos,Industrials,Greece,.AT,ATHEX,MYTIL.AT
PPC,Public Power Corp,Utilities,Greece,.AT,ATHEX,PPC.AT
