yf_ticker,market_cap,sector,industry,currency,exchange,short_name,quote_type,avg_volume,avg_volume_10d,free_float,shares_outstanding
ANDR.VI,6624718336.0,Industrials,Industrial Distribution,EUR,VIE,Andritz AG,EQUITY,108089.0,122011.0,67129174.0,97998794.0
ATS.VI,2587409920.0,Technology,Electronic Components,EUR,VIE,AT&S Austria Tech.&Systemtech.,EQUITY,154759.0,152913.0,24987543.0,38850000.0
BG.VI,10846052352.0,Financial Services,Banks - Regional,EUR,VIE,BAWAG Group AG,EQUITY,228931.0,151800.0,73435245.0,76976955.0
EBS.VI,40316567552.0,Financial Services,Banks - Regional,EUR,VIE,Erste Group Bank AG,EQUITY,409295.0,423469.0,336872486.0,388406224.0
FLU.VI,4395033600.0,Industrials,Airports & Air Services,EUR,VIE,Flughafen Wien AG,EQUITY,1541.0,1061.0,5032481.0,83874681.0
LNZ.VI,961592640.0,Consumer Cyclical,Textile Manufacturing,EUR,VIE,Lenzing AG,EQUITY,76734.0,71047.0,12648226.0,38618180.0
OMV.VI,19364462592.0,Energy,Oil & Gas Integrated,EUR,VIE,OMV AG,EQUITY,430141.0,425406.0,141063917.0,326001057.0
PAL.VI,1281154432.0,Industrials,Farm & Heavy Construction Machinery,EUR,VIE,Palfinger AG,EQUITY,28751.0,32176.0,16465847.0,34766742.0
POST.VI,2435272704.0,Industrials,Integrated Freight & Logistics,EUR,VIE,Oesterreichische Post AG,EQUITY,49359.0,50075.0,31884845.0,67552638.0
RBI.VI,14521376768.0,Financial Services,Banks - Regional,EUR,VIE,Raiffeisen Bank Internat. AG,EQUITY,405873.0,473675.0,126930738.0,328240854.0
SBO.VI,574432512.0,Energy,Oil & Gas Equipment & Services,EUR,VIE,SBO AG,EQUITY,51952.0,37151.0,10464285.0,15759465.0
UQA.VI,5058787328.0,Financial Services,Insurance - Diversified,EUR,VIE,UNIQA Insurance Group AG,EQUITY,166162.0,150822.0,110409265.0,306965261.0
VER.VI,23189997568.0,Utilities,Utilities - Renewable,EUR,VIE,VERBUND AG Kat. A,EQUITY,196693.0,159667.0,66008980.0,170233686.0
VOE.VI,7392950784.0,Basic Materials,Steel,EUR,VIE,voestalpine AG,EQUITY,406455.0,270879.0,145203241.0,171450616.0
WIE.VI,2771543296.0,Basic Materials,Building Materials,EUR,VIE,Wienerberger AG,EQUITY,349089.0,318594.0,107797530.0,109201866.0
ABLX.BR,,,,,YHD,,MUTUALFUND,,,,
AGFB.BR,75862064.0,Industrials,Specialty Industrial Machinery,EUR,BRU,AGFA-GEVAERT,EQUITY,89088.0,74553.0,154347826.0,154820528.0
BAR.BR,806348672.0,Technology,Electronic Components,EUR,BRU,BARCO,EQUITY,120817.0,107333.0,53156739.0,81388339.0
BEKB.BR,2064096640.0,Industrials,Metal Fabrication,EUR,BRU,BEKAERT,EQUITY,47197.0,60176.0,29857021.0,48962166.0
BPOST.BR,378801792.0,Industrials,Integrated Freight & Logistics,EUR,BRU,BPOST,EQUITY,209942.0,145849.0,97924462.0,200000944.0
DIE.BR,9065543680.0,Consumer Cyclical,Auto & Truck Dealerships,EUR,BRU,D'IETEREN GROUP,EQUITY,82525.0,84954.0,15580490.0,53004982.0
EVS.BR,467832128.0,Technology,Communication Equipment,EUR,BRU,EVS BROADC.EQUIPM.,EQUITY,18267.0,14200.0,12140176.0,13404931.0
GLPG.BR,,,,EUR,BRU,"GLPG.BR,0P0000A65X,0",MUTUALFUND,,0.0,,
INGA.BR,,,,EUR,BRU,"INGA.BR,0P0000A63J,0",MUTUALFUND,,0.0,,
NYR.BR,10130291.0,Basic Materials,Other Industrial Metals & Mining,EUR,BRU,NYRSTAR,EQUITY,104978.0,42970.0,73243540.0,109873001.0
OBEL.BR,1395432704.0,Communication Services,Telecom Services,EUR,BRU,ORANGE BELGIUM,EQUITY,2538.0,4208.0,12995394.0,67412205.0
ONTEX.BR,236409856.0,Consumer Defensive,Household & Personal Products,EUR,BRU,ONTEX GROUP,EQUITY,207586.0,294341.0,45891212.0,79733512.0
TESB.BR,1291332864.0,Basic Materials,Agricultural Inputs,EUR,BRU,TESSENDERLO GROUP,EQUITY,22337.0,33928.0,18425856.0,58992942.0
BAVA.CO,15240672256.0,Healthcare,Biotechnology,DKK,CPH,Bavarian Nordic A/S,EQUITY,285880.0,317843.0,78132911.0,77139332.0
DANSKE.CO,265634365440.0,Financial Services,Banks - Regional,DKK,CPH,Danske Bank A/S,EQUITY,1179901.0,1591284.0,642821676.0,811840942.0
DEMANT.CO,41821196288.0,Healthcare,Medical Devices,DKK,CPH,Demant A/S,EQUITY,540167.0,521118.0,83771036.0,210898609.0
DSV.CO,396073598976.0,Industrials,Integrated Freight & Logistics,DKK,CPH,DSV A/S,EQUITY,433155.0,385525.0,194917158.0,236744523.0
GMAB.CO,109889986560.0,Healthcare,Biotechnology,DKK,CPH,Genmab A/S,EQUITY,133876.0,122753.0,60889434.0,61391058.0
GN.CO,14077820928.0,Healthcare,Medical Devices,DKK,CPH,GN Store Nord A/S,EQUITY,1038694.0,600667.0,145523712.0,145612536.0
ISS.CO,38772830208.0,Industrials,Specialty Business Services,DKK,CPH,ISS A/S,EQUITY,417837.0,423655.0,161308635.0,158910235.0
JYSK.CO,52919197696.0,Financial Services,Banks - Regional,DKK,CPH,Jyske Bank A/S,EQUITY,100352.0,91077.0,58377114.0,57600538.0
NKT.CO,49655468032.0,Industrials,Electrical Equipment & Parts,DKK,CPH,NKT A/S,EQUITY,159763.0,169266.0,50619715.0,53450451.0
ORSTED.CO,217380290560.0,Utilities,Utilities - Renewable,DKK,CPH,ORSTED A/S,EQUITY,1394366.0,1674723.0,460521221.0,1321059155.0
PNDORA.CO,36211847168.0,Consumer Cyclical,Luxury Goods,DKK,CPH,Pandora A/S,EQUITY,484415.0,375467.0,64799713.0,74570207.0
RBREW.CO,27287926784.0,Consumer Defensive,Beverages - Brewers,DKK,CPH,Royal UNIBREW A/S,EQUITY,84770.0,137126.0,48891187.0,48784613.0
TRYG.CO,91850915840.0,Financial Services,Insurance - Diversified,DKK,CPH,Tryg A/S,EQUITY,990378.0,975345.0,302340124.0,596882398.0
VWS.CO,194685091840.0,Industrials,Specialty Industrial Machinery,DKK,CPH,Vestas Wind Systems A/S,EQUITY,2965379.0,3105863.0,989852779.0,985747317.0
ZEAL.CO,20323764224.0,Healthcare,Biotechnology,DKK,CPH,Zealand Pharma A/S,EQUITY,401218.0,307755.0,56758962.0,70617670.0
ELISA.HE,6715052032.0,Communication Services,Telecom Services,EUR,HEL,Elisa Corporation,EQUITY,430495.0,344213.0,107280826.0,160570356.0
FORTUM.HE,20080777216.0,Utilities,Utilities - Renewable,EUR,HEL,Fortum Corporation,EQUITY,1515072.0,1396686.0,412723709.0,897264465.0
HIAB.HE,3053022720.0,Industrials,Farm & Heavy Construction Machinery,EUR,HEL,Hiab Oyj,EQUITY,97606.0,100516.0,44730137.0,54992564.0
HUH1V.HE,3046698752.0,Consumer Cyclical,Packaging & Containers,EUR,HEL,Huhtamäki Oyj,EQUITY,268482.0,252946.0,92878060.0,104986170.0
KALMAR.HE,3115855872.0,Industrials,Integrated Freight & Logistics,EUR,HEL,Kalmar Oyj B,EQUITY,75506.0,50311.0,48516919.0,54665419.0
KCR.HE,7314645504.0,Industrials,Farm & Heavy Construction Machinery,EUR,HEL,Konecranes Plc,EQUITY,430189.0,345850.0,190565767.0,237642807.0
KEMIRA.HE,2974181120.0,Basic Materials,Chemicals,EUR,HEL,Kemira Oyj,EQUITY,257191.0,280749.0,90802231.0,147382606.0
KESKOB.HE,7910764544.0,Consumer Defensive,Grocery Stores,EUR,HEL,Kesko Corporation B,EQUITY,586263.0,497522.0,353688766.0,271378473.0
KNEBV.HE,29644830720.0,Industrials,Specialty Industrial Machinery,EUR,HEL,KONE Corporation,EQUITY,686326.0,548645.0,366742298.0,442057572.0
KOJAMO.HE,2092858496.0,Real Estate,Real Estate Services,EUR,HEL,LUMO KODIT OYJ,EQUITY,431062.0,367532.0,179051934.0,240144399.0
MANTA.HE,3680994048.0,Financial Services,Financial Conglomerates,EUR,HEL,Mandatum Oyj,EQUITY,1455641.0,1090058.0,428433361.0,503211761.0
METSO.HE,13523092480.0,Industrials,Farm & Heavy Construction Machinery,EUR,HEL,Metso Oyj,EQUITY,1655200.0,1710268.0,699333676.0,828113459.0
NDA-FI.HE,53808074752.0,Financial Services,Banks - Regional,EUR,HEL,Nordea Bank Abp,EQUITY,6117899.0,6228239.0,3202898152.0,3396685608.0
NESTE.HE,19729276928.0,Energy,Oil & Gas Refining & Marketing,EUR,HEL,Neste Corporation,EQUITY,1875181.0,1810346.0,418432783.0,768274059.0
NOKIA.HE,44850081792.0,Technology,Communication Equipment,EUR,HEL,Nokia Corporation,EQUITY,13454158.0,15386613.0,4437053984.0,5582534171.0
ORNBV.HE,10298956800.0,Healthcare,Drug Manufacturers - General,EUR,HEL,Orion Corporation B,EQUITY,198704.0,150371.0,122956125.0,109341372.0
OUT1V.HE,2470019072.0,Basic Materials,Steel,EUR,HEL,Outokumpu Oyj,EQUITY,1806529.0,1182299.0,387747985.0,471377716.0
QTCOM.HE,472276544.0,Technology,Software - Application,EUR,HEL,Qt Group Oyj,EQUITY,207514.0,170427.0,14079934.0,25391211.0
SAMPO.HE,24697776128.0,Financial Services,Insurance - Diversified,EUR,HEL,Sampo Plc A,EQUITY,4774285.0,4151932.0,2051375975.0,2654674826.0
STERV.HE,8182615040.0,Consumer Cyclical,Packaging & Containers,EUR,HEL,Stora Enso Oyj R,EQUITY,1741496.0,1650210.0,695507625.0,613077764.0
TIETO.HE,2110470272.0,Technology,Information Technology Services,EUR,HEL,Tieto Corporation,EQUITY,418631.0,321140.0,80392303.0,116343457.0
TYRES.HE,1324981120.0,Consumer Cyclical,Auto Parts,EUR,HEL,Nokian Tyres Plc,EQUITY,573280.0,540760.0,123601019.0,137875243.0
UPM.HE,14053185536.0,Basic Materials,Paper & Paper Products,EUR,HEL,UPM-Kymmene Corporation,EQUITY,1254906.0,1073568.0,511224843.0,527324046.0
VALMT.HE,4749644800.0,Industrials,Specialty Industrial Machinery,EUR,HEL,Valmet Corporation,EQUITY,384512.0,383999.0,146127637.0,184237587.0
WRT1V.HE,20989546496.0,Industrials,Specialty Industrial Machinery,EUR,HEL,Wärtsilä Corporation,EQUITY,965679.0,860724.0,467536702.0,588436960.0
AI.PA,108787130368.0,Basic Materials,Specialty Chemicals,EUR,PAR,AIR LIQUIDE,EQUITY,923220.0,1169552.0,575825918.0,576997644.0
BAIN.PA,3187165696.0,Consumer Cyclical,Resorts & Casinos,EUR,PAR,BAINS MER MONACO,EQUITY,599.0,891.0,4409076.0,24516661.0
BN.PA,44287168512.0,Consumer Defensive,Packaged Foods,EUR,PAR,DANONE,EQUITY,1662935.0,1407844.0,628585729.0,640172962.0
BOI.PA,467045216.0,Healthcare,Drug Manufacturers - Specialty & Generic,EUR,PAR,BOIRON,EQUITY,1278.0,2540.0,3501450.0,17362275.0
DEC.PA,4164700416.0,Communication Services,Advertising Agencies,EUR,PAR,JCDECAUX SE,EQUITY,186698.0,199382.0,69638511.0,212810442.0
DG.PA,75091853312.0,Industrials,Engineering & Construction,EUR,PAR,VINCI,EQUITY,971313.0,1099099.0,477536816.0,553464598.0
ELIS.PA,5906195968.0,Industrials,Specialty Business Services,EUR,PAR,ELIS,EQUITY,346699.0,402629.0,159804559.0,226229595.0
FNAC.PA,1030417728.0,Consumer Cyclical,Specialty Retail,EUR,PAR,FNAC DARTY,EQUITY,77587.0,25095.0,13524668.0,29107842.0
GBT.PA,117462032.0,Healthcare,Medical Devices,EUR,PAR,GUERBET,EQUITY,15796.0,20110.0,5256596.0,12603223.0
ITP.PA,2000125184.0,Consumer Defensive,Household & Personal Products,EUR,PAR,INTERPARFUMS,EQUITY,50932.0,55579.0,20446571.0,83687252.0
ML.PA,21720047616.0,,,EUR,PAR,MICHELIN,EQUITY,1912595.0,1726165.0,,713302016.0
RCO.PA,2074756224.0,Consumer Defensive,Beverages - Wineries & Distilleries,EUR,PAR,REMY COINTREAU,EQUITY,95098.0,76262.0,21254677.0,52366388.0
RI.PA,16423476224.0,Consumer Defensive,Beverages - Wineries & Distilleries,EUR,PAR,PERNOD RICARD,EQUITY,832091.0,964381.0,192967985.0,251810612.0
RUI.PA,3669217536.0,Energy,Oil & Gas Refining & Marketing,EUR,PAR,RUBIS,EQUITY,182093.0,162367.0,79464632.0,102779199.0
SK.PA,2607522048.0,Consumer Cyclical,"Furnishings, Fixtures & Appliances",EUR,PAR,S.E.B.,EQUITY,92800.0,92984.0,36420193.0,54735485.0
SOI.PA,2275052288.0,Technology,Semiconductor Equipment & Materials,EUR,PAR,SOITEC,EQUITY,352878.0,401021.0,26662870.0,35692692.0
SPIE.PA,8144576000.0,Industrials,Engineering & Construction,EUR,PAR,SPIE,EQUITY,364969.0,448283.0,154274208.0,168925007.0
SU.PA,146231296000.0,Industrials,Specialty Industrial Machinery,EUR,PAR,SCHNEIDER ELECTRIC SE,EQUITY,1020886.0,1167303.0,562222886.0,561933576.0
SW.PA,5781029888.0,Industrials,Specialty Business Services,EUR,PAR,SODEXO,EQUITY,360220.0,587085.0,80997350.0,145838292.0
TRI.PA,2939811840.0,Consumer Cyclical,Recreational Vehicles,EUR,PAR,TRIGANO,EQUITY,15520.0,14209.0,7840656.0,19290105.0
UBI.PA,539075520.0,Communication Services,Electronic Gaming & Multimedia,EUR,PAR,UBISOFT ENTERTAIN,EQUITY,1830906.0,1666484.0,95773656.0,134768884.0
VIRP.PA,3016016640.0,Healthcare,Drug Manufacturers - General,EUR,PAR,VIRBAC,EQUITY,5231.0,3048.0,,8377824.0
1COV.DE,11320645632.0,,,EUR,GER,Covestro AG                   I,EQUITY,14902.0,7392.0,187615497.0,188740330.0
1U1.DE,4271686912.0,Communication Services,Telecom Services,EUR,GER,1&1 AG                        I,EQUITY,70506.0,20596.0,18874855.0,176515989.0
8TRA.DE,16649999360.0,Industrials,Farm & Heavy Construction Machinery,EUR,GER,TRATON SE                     I,EQUITY,210685.0,211819.0,51400000.0,500000000.0
ADS.DE,24438683648.0,Consumer Cyclical,Footwear & Accessories,EUR,GER,adidas AG                     N,EQUITY,789558.0,716274.0,162017120.0,177348936.0
AFX.DE,2270685952.0,Healthcare,Medical Instruments & Supplies,EUR,GER,Carl Zeiss Meditec AG         I,EQUITY,376101.0,225689.0,32351433.0,87536079.0
AG1.DE,4175424000.0,Consumer Cyclical,Auto & Truck Dealerships,EUR,GER,AUTO1 Group SE                I,EQUITY,781740.0,875620.0,113332376.0,220157035.0
AIR.DE,133372125184.0,Industrials,Aerospace & Defense,EUR,GER,Airbus SE                     A,EQUITY,317874.0,320169.0,584154476.0,787227745.0
AIXA.DE,4305035776.0,Technology,Semiconductor Equipment & Materials,EUR,GER,AIXTRON SE                    N,EQUITY,967424.0,968033.0,,112785858.0
ALV.DE,143465381888.0,Financial Services,Insurance - Diversified,EUR,GER,Allianz SE                    v,EQUITY,673900.0,721445.0,380188964.0,380242198.0
AT1.DE,2763429888.0,Real Estate,Real Estate Services,EUR,GER,Aroundtown SA                 B,EQUITY,3855853.0,4469724.0,495218450.0,1093994411.0
BAS.DE,48372592640.0,Basic Materials,Chemicals,EUR,GER,BASF SE                       N,EQUITY,3278287.0,3901271.0,,884325217.0
BAYN.DE,39414853632.0,Healthcare,Drug Manufacturers - General,EUR,GER,Bayer AG                      N,EQUITY,3729547.0,2408672.0,982424082.0,982424082.0
BC8.DE,3752280064.0,Technology,Information Technology Services,EUR,GER,BECHTLE AG                    I,EQUITY,324308.0,321709.0,81840780.0,126000000.0
BEI.DE,16454839296.0,Consumer Defensive,Household & Personal Products,EUR,GER,BEIERSDORF AG                 I,EQUITY,472054.0,478787.0,89533555.0,218523759.0
BFSA.DE,1358838144.0,Industrials,Waste Management,EUR,GER,BEFESA S.A.                   A,EQUITY,102227.0,55717.0,36067662.0,39999998.0
BMW.DE,50901630976.0,Consumer Cyclical,Auto Manufacturers,EUR,GER,BAYERISCHE MOTOREN WERKE AG   S,EQUITY,1060043.0,1007237.0,379594818.0,554226093.0
BNR.DE,8443656704.0,Basic Materials,Specialty Chemicals,EUR,GER,Brenntag SE                   N,EQUITY,455034.0,517712.0,115508298.0,144385372.0
BOSS.DE,2570162176.0,Consumer Cyclical,Apparel Manufacturing,EUR,GER,HUGO BOSS AG                  N,EQUITY,353326.0,427482.0,40299920.0,69016167.0
BVB.DE,345481024.0,Communication Services,Entertainment,EUR,GER,BORUSSIA DORTMUND GMBH&CO.KGAAI,EQUITY,110440.0,121800.0,72416530.0,110377320.0
BYW6.DE,179848080.0,Industrials,Conglomerates,EUR,GER,BAYWA AG                      V,EQUITY,116139.0,38965.0,32119148.0,61337339.0
CBK.DE,37895856128.0,Financial Services,Banks - Regional,EUR,GER,Commerzbank AG                I,EQUITY,3562078.0,3026225.0,976333564.0,1096523505.0
CON.DE,13032390656.0,Consumer Cyclical,Auto Parts,EUR,GER,CONTINENTAL AG                I,EQUITY,441514.0,484285.0,102053053.0,200005983.0
CWC.DE,632297024.0,Consumer Cyclical,Personal Services,EUR,GER,CEWE Stiftung & Co. KGaA      I,EQUITY,11904.0,21030.0,4768268.0,6798893.0
DB1.DE,46276526080.0,Financial Services,Financial Data & Stock Exchanges,EUR,GER,DEUTSCHE BOERSE AG            N,EQUITY,568469.0,512955.0,182095009.0,182105935.0
DBK.DE,53745573888.0,Financial Services,Banks - Regional,EUR,GER,DEUTSCHE BANK AG              N,EQUITY,7261587.0,7185916.0,1842418980.0,1939573264.0
DEQ.DE,1483962752.0,Real Estate,Real Estate Services,EUR,GER,DEUTSCHE EUROSHOP AG          N,EQUITY,15345.0,14993.0,11565606.0,75023389.0
DHER.DE,5107979776.0,Consumer Cyclical,Internet Retail,EUR,GER,Delivery Hero SE              N,EQUITY,1318010.0,1642777.0,201768823.0,300116319.0
DHL.DE,54999613440.0,Industrials,Integrated Freight & Logistics,EUR,GER,DEUTSCHE POST AG              N,EQUITY,2362930.0,2465330.0,919212087.0,1119243239.0
DRW3.DE,1772819968.0,Healthcare,Medical Devices,EUR,GER,DRAEGERWERK VZO O.N.,EQUITY,21517.0,22626.0,10574074.0,8600000.0
DTE.DE,149930328064.0,Communication Services,Telecom Services,EUR,GER,DEUTSCHE TELEKOM AG           N,EQUITY,7636752.0,6960016.0,4147636621.0,4838022420.0
DTG.DE,33916096512.0,Industrials,Farm & Heavy Construction Machinery,EUR,GER,Daimler Truck Holding AG      N,EQUITY,1156567.0,1062502.0,456657670.0,765600399.0
ELG.DE,2997138944.0,Technology,Semiconductors,EUR,GER,Elmos Semiconductor SE        I,EQUITY,34580.0,53953.0,7118550.0,17224937.0
ENR.DE,143030648832.0,Industrials,Specialty Industrial Machinery,EUR,GER,Siemens Energy AG             N,EQUITY,2601168.0,3126696.0,744868260.0,855344213.0
EOAN.DE,51213836288.0,Utilities,Utilities - Diversified,EUR,GER,E.ON SE                       N,EQUITY,4513132.0,3879320.0,2139451962.0,2613077958.0
EUZ.DE,914831296.0,Healthcare,Medical Devices,EUR,GER,Eckert & Ziegler SE           I,EQUITY,115949.0,90770.0,40959038.0,62573961.0
EVD.DE,5169131008.0,Communication Services,Entertainment,EUR,GER,CTS Eventim AG & Co. KGaA     I,EQUITY,283410.0,513763.0,58646845.0,95991300.0
EVK.DE,8089760256.0,Basic Materials,Specialty Chemicals,EUR,GER,Evonik Industries AG          N,EQUITY,1543801.0,1808245.0,251640000.0,466000000.0
EVT.DE,804500992.0,Healthcare,Drug Manufacturers - Specialty & Generic,EUR,GER,Evotec SE                     I,EQUITY,821889.0,901884.0,132309543.0,177594029.0
FNTN.DE,3260983808.0,Communication Services,Telecom Services,EUR,GER,freenet AG                    N,EQUITY,518017.0,462107.0,114373701.0,117980598.0
FPE3.DE,5017299968.0,Basic Materials,Specialty Chemicals,EUR,GER,FUCHS SE                      N,EQUITY,138279.0,154974.0,90427990.0,65500000.0
FRA.DE,7369755648.0,Industrials,Airports & Air Services,EUR,GER,Fraport AG Ffm.Airport.Ser.AG I,EQUITY,132065.0,137493.0,36183004.0,92468704.0
FRE.DE,25176705024.0,Healthcare,Medical Care Facilities,EUR,GER,Fresenius SE & Co. KGaA       I,EQUITY,945584.0,1123317.0,410560548.0,563237277.0
FTK.DE,3661481984.0,Financial Services,Capital Markets,EUR,GER,flatexDEGIRO SE               N,EQUITY,399810.0,390541.0,86303763.0,106998305.0
G1A.DE,9998476288.0,Industrials,Specialty Industrial Machinery,EUR,GER,GEA Group AG                  I,EQUITY,348172.0,375862.0,145712373.0,160618100.0
G24.DE,4719281664.0,Communication Services,Internet Content & Information,EUR,GER,Scout24 SE                    N,EQUITY,297628.0,283194.0,69465517.0,70715482.0
GBF.DE,4089227264.0,Industrials,Engineering & Construction,EUR,GER,Bilfinger SE                  I,EQUITY,95480.0,100578.0,31313803.0,36939723.0
GFT.DE,444316352.0,Technology,Information Technology Services,EUR,GER,GFT Technologies SE           I,EQUITY,109228.0,61823.0,15355758.0,25564808.0
GXI.DE,589597760.0,Healthcare,Medical Instruments & Supplies,EUR,GER,Gerresheimer AG               I,EQUITY,381046.0,220664.0,32048630.0,34540000.0
HAG.DE,8861160448.0,Industrials,Aerospace & Defense,EUR,GER,HENSOLDT AG                   I,EQUITY,443441.0,557388.0,60175500.0,115500000.0
HBH.DE,1337328384.0,Consumer Cyclical,Home Improvement Retail,EUR,GER,Hornbach Holding AG&Co.KGaA   I,EQUITY,17807.0,13624.0,7917272.0,15996751.0
HDD.DE,418462432.0,Industrials,Specialty Industrial Machinery,EUR,GER,HEIDELBERGER DRUCKMASCHINEN AGI,EQUITY,791482.0,613984.0,237750666.0,304336334.0
HEI.DE,33381232640.0,Basic Materials,Building Materials,EUR,GER,Heidelberg Materials AG       I,EQUITY,583941.0,635290.0,125686564.0,175968536.0
HEN3.DE,27151845376.0,Consumer Defensive,Household & Personal Products,EUR,GER,Henkel AG & Co. KGaA          I,EQUITY,473792.0,515582.0,245520383.0,153428149.0
HFG.DE,553300416.0,Consumer Cyclical,Restaurants,EUR,GER,HelloFresh SE                 I,EQUITY,1196215.0,910953.0,120300189.0,143342081.0
HLE.DE,8222222336.0,Consumer Cyclical,Auto Parts,EUR,GER,HELLA GmbH & Co. KGaA         I,EQUITY,15172.0,10654.0,20455556.0,111111112.0
HNR1.DE,32898897920.0,Financial Services,Insurance - Reinsurance,EUR,GER,HANNOVER RUECK SE NA O.N.,EQUITY,154696.0,167135.0,60057373.0,120597134.0
HOT.DE,34024255488.0,Industrials,Engineering & Construction,EUR,GER,HOCHTIEF AG                   I,EQUITY,72628.0,75082.0,18283710.0,75241605.0
IFX.DE,55764135936.0,Technology,Semiconductors,EUR,GER,INFINEON TECHNOLOGIES AG      N,EQUITY,4428541.0,4494718.0,1301986980.0,1302139747.0
INH.DE,749002240.0,Industrials,Conglomerates,EUR,GER,INDUS HOLDING AG              I,EQUITY,59775.0,33719.0,21077078.0,26750079.0
JEN.DE,1764078720.0,Technology,Electronic Components,EUR,GER,JENOPTIK AG                   N,EQUITY,246685.0,210952.0,49332959.0,57238115.0
JUN3.DE,2931480064.0,Industrials,Specialty Industrial Machinery,EUR,GER,JUNGHEINRICH AG               I,EQUITY,133730.0,229204.0,48000180.0,48000000.0
KBX.DE,17119439872.0,Consumer Cyclical,Auto Parts,EUR,GER,Knorr-Bremse AG               I,EQUITY,186004.0,190332.0,61497800.0,161200000.0
KGX.DE,5905859584.0,Industrials,Farm & Heavy Construction Machinery,EUR,GER,KION GROUP AG                 I,EQUITY,395611.0,607172.0,70117660.0,131124771.0
KRN.DE,3898585088.0,Industrials,Specialty Industrial Machinery,EUR,GER,KRONES AG                     I,EQUITY,34081.0,34647.0,15196268.0,31593072.0
KWS.DE,2461799936.0,Basic Materials,Agricultural Inputs,EUR,GER,KWS SAAT SE & Co. KGaA        I,EQUITY,23515.0,21304.0,10096680.0,33000000.0
LEG.DE,4519133696.0,Real Estate,Real Estate Services,EUR,GER,LEG Immobilien SE             N,EQUITY,399496.0,421772.0,75570800.0,75570800.0
LHA.DE,9526773760.0,Industrials,Airlines,EUR,GER,DEUTSCHE LUFTHANSA AG         V,EQUITY,5813790.0,7226925.0,1018799525.0,1199241427.0
LXS.DE,1611222016.0,Basic Materials,Specialty Chemicals,EUR,GER,LANXESS AG                    I,EQUITY,825986.0,999780.0,85165949.0,86346303.0
MBG.DE,47675224064.0,Consumer Cyclical,Auto Manufacturers,EUR,GER,Mercedes-Benz Group AG        N,EQUITY,2549324.0,2607362.0,711985617.0,884840817.0
MRK.DE,48629907456.0,Healthcare,Drug Manufacturers - Specialty & Generic,EUR,GER,MERCK KGAA                    I,EQUITY,339751.0,300479.0,129237724.0,129242251.0
MTX.DE,17640542208.0,Industrials,Aerospace & Defense,EUR,GER,MTU Aero Engines AG           N,EQUITY,167649.0,186782.0,52155153.0,53831371.0
MUV2.DE,70302261248.0,Financial Services,Insurance - Reinsurance,EUR,GER,MUENCHENER RUECKVERS.-GES. AG N,EQUITY,300463.0,285860.0,127954211.0,127961889.0
NDA.DE,7753844224.0,Industrials,Metal Fabrication,EUR,GER,Aurubis AG                    I,EQUITY,233437.0,123396.0,30234750.0,43659030.0
NDX1.DE,10867258368.0,Industrials,Specialty Industrial Machinery,EUR,GER,Nordex SE                     I,EQUITY,665792.0,550800.0,118322127.0,236450364.0
NEM.DE,7074559488.0,Technology,Software - Application,EUR,GER,Nemetschek SE                 I,EQUITY,275579.0,195795.0,56932342.0,115408795.0
NOEJ.DE,491318208.0,Industrials,Metal Fabrication,EUR,GER,NORMA Group SE                N,EQUITY,96716.0,139037.0,54276473.0,31862400.0
P911.DE,37287231488.0,Consumer Cyclical,Auto Manufacturers,EUR,GER,Dr. Ing. h.c. F. Porsche AG   I,EQUITY,710328.0,622548.0,55115500.0,455500000.0
PAH3.DE,9879623680.0,Consumer Cyclical,Auto Manufacturers,EUR,GER,Porsche Automobil Holding SE  I,EQUITY,568537.0,656272.0,153125000.0,153125000.0
PBB.DE,426555680.0,Financial Services,Mortgage Finance,EUR,GER,Deutsche Pfandbriefbank AG    I,EQUITY,676633.0,434426.0,,134475308.0
PNE3.DE,674109376.0,Utilities,Utilities - Renewable,EUR,GER,PNE AG                        N,EQUITY,54341.0,58872.0,12454936.0,76603334.0
PUM.DE,3643420672.0,Consumer Cyclical,Footwear & Accessories,EUR,GER,PUMA SE                       I,EQUITY,1134272.0,909175.0,97837982.0,147208905.0
QIA.DE,7221889536.0,Healthcare,Diagnostics & Research,EUR,GER,Qiagen N.V.                   A,EQUITY,658752.0,538002.0,204129407.0,206074753.0
RAA.DE,7822560256.0,Industrials,Specialty Industrial Machinery,EUR,GER,RATIONAL AG                   I,EQUITY,16190.0,13242.0,6006885.0,11370000.0
RDC.DE,809568768.0,Healthcare,Pharmaceutical Retailers,EUR,GER,Redcare Pharmacy N.V.         A,EQUITY,160190.0,193699.0,13822068.0,20341307.0
RHM.DE,67735343104.0,Industrials,Aerospace & Defense,EUR,GER,RHEINMETALL AG                I,EQUITY,229578.0,267407.0,46395137.0,46273633.0
RRTL.DE,5880226304.0,Communication Services,Broadcasting,EUR,GER,RTL GROUP S.A.                A,EQUITY,120371.0,151549.0,33244544.0,154742806.0
RWE.DE,42128863232.0,Utilities,Utilities - Diversified,EUR,GER,RWE AG                        I,EQUITY,2105702.0,2116963.0,638747451.0,713564711.0
S92.DE,1632288000.0,Technology,Solar,EUR,GER,SMA Solar Technology AG       I,EQUITY,137460.0,153783.0,26757170.0,34700000.0
SAP.DE,162734391296.0,Technology,Software - Application,EUR,GER,SAP SE                        I,EQUITY,3410544.0,3140407.0,1042910444.0,1167559048.0
SAX.DE,1930117760.0,Communication Services,Advertising Agencies,EUR,GER,STROEER SE + CO. KGAA,EQUITY,131901.0,179029.0,31269470.0,55848313.0
SBS.DE,215889536.0,Healthcare,Medical Devices,EUR,GER,STRATEC SE                    N,EQUITY,10368.0,13186.0,6630702.0,12155942.0
SDF.DE,2801124096.0,Basic Materials,Agricultural Inputs,EUR,GER,K+S Aktiengesellschaft        N,EQUITY,1399783.0,1420845.0,179100000.0,179100000.0
SFQ.DE,813465920.0,Consumer Cyclical,Auto Parts,EUR,GER,SAF-HOLLAND SE                I,EQUITY,88606.0,103911.0,45394302.0,45394302.0
SGL.DE,478079520.0,Basic Materials,Chemicals,EUR,GER,SGL CARBON SE                 I,EQUITY,382526.0,221585.0,55440106.0,122270977.0
SHL.DE,42181685248.0,Healthcare,Medical Devices,EUR,GER,Siemens Healthineers AG       N,EQUITY,1274571.0,1366066.0,177893800.0,1116803941.0
SIE.DE,175011463168.0,Industrials,Specialty Industrial Machinery,EUR,GER,SIEMENS AG                    N,EQUITY,1443066.0,1571920.0,780108000.0,762743366.0
SRT3.DE,14804809728.0,Healthcare,Medical Instruments & Supplies,EUR,GER,SARTORIUS AG                  V,EQUITY,104438.0,96605.0,27453809.0,34813621.0
STM.DE,447564032.0,Industrials,Specialty Industrial Machinery,EUR,GER,Stabilus SE                   I,EQUITY,97457.0,93693.0,10900604.0,24700000.0
STO3.DE,720997184.0,Industrials,Building Products & Equipment,EUR,GER,Sto SE & Co. KGaA             I,EQUITY,2230.0,1578.0,2538013.0,2538000.0
SY1.DE,10231313408.0,Basic Materials,Specialty Chemicals,EUR,GER,Symrise AG                    I,EQUITY,457405.0,453835.0,132681418.0,139772054.0
SZG.DE,2586454784.0,Basic Materials,Steel,EUR,GER,SALZGITTER AG                 I,EQUITY,227740.0,260399.0,30380296.0,54087300.0
TEG.DE,2817635840.0,Real Estate,Real Estate - Diversified,EUR,GER,TAG Immobilien AG             I,EQUITY,672065.0,742689.0,184089326.0,188976252.0
TKA.DE,5318910976.0,Industrials,Conglomerates,EUR,GER,thyssenkrupp AG               I,EQUITY,3523249.0,3226330.0,477288861.0,622531741.0
TLX.DE,29541396480.0,Financial Services,Insurance - Diversified,EUR,GER,Talanx AG                     N,EQUITY,121358.0,111028.0,59298415.0,258228991.0
TMV.DE,659885760.0,Technology,Software - Application,EUR,GER,TeamViewer SE                 I,EQUITY,1544590.0,1144472.0,153970413.0,156966162.0
TUI1.DE,3688008960.0,Consumer Cyclical,Travel Services,EUR,GER,TUI AG                        N,EQUITY,4121592.0,4423430.0,413623511.0,507431033.0
UTDI.DE,4835987968.0,Communication Services,Telecom Services,EUR,GER,UNITED INTERNET AG            N,EQUITY,185638.0,193410.0,78886405.0,172837311.0
VBK.DE,2370215936.0,Basic Materials,Specialty Chemicals,EUR,GER,Verbio SE                     I,EQUITY,212095.0,401994.0,43521520.0,63715479.0
VNA.DE,19620282368.0,Real Estate,Real Estate Services,EUR,GER,Vonovia SE                    N,EQUITY,4126560.0,3803133.0,729466091.0,848261274.0
VOW3.DE,44635332608.0,Consumer Cyclical,Auto Manufacturers,EUR,GER,VOLKSWAGEN AG                 V,EQUITY,921736.0,810408.0,234681377.0,206205445.0
WAC.DE,1346703744.0,Industrials,Farm & Heavy Construction Machinery,EUR,GER,Wacker Neuson SE              N,EQUITY,59947.0,71960.0,18832089.0,68015345.0
WAF.DE,1800000000.0,Technology,Semiconductors,EUR,GER,Siltronic AG                  N,EQUITY,76887.0,65495.0,12119100.0,30000000.0
WCH.DE,4720750592.0,Basic Materials,Specialty Chemicals,EUR,GER,Wacker Chemie AG              I,EQUITY,130060.0,125792.0,18793181.0,51762620.0
ZAL.DE,5674238976.0,Consumer Cyclical,Internet Retail,EUR,GER,Zalando SE                    I,EQUITY,1828970.0,1473094.0,232067313.0,258154635.0
A2A.MI,7917165568.0,Utilities,Utilities - Diversified,EUR,MIL,A2A,EQUITY,11258667.0,9446099.0,1562314115.0,3124787044.0
AMP.MI,2022822656.0,Healthcare,Medical Distribution,EUR,MIL,AMPLIFON,EQUITY,3076541.0,2410181.0,124845312.0,219967666.0
AVIO.MI,1582979200.0,Industrials,Aerospace & Defense,EUR,MIL,AVIO,EQUITY,970463.0,1128180.0,37566441.0,45803796.0
AZM.MI,4989486080.0,Financial Services,Asset Management,EUR,MIL,AZIMUT,EQUITY,665952.0,631787.0,99960969.0,141227704.0
BAMI.MI,19076704256.0,Financial Services,Banks - Regional,EUR,MIL,BANCO BPM,EQUITY,7070581.0,6823156.0,1200334777.0,1505065360.0
BC.MI,5701120000.0,Consumer Cyclical,Luxury Goods,EUR,MIL,BRUNELLO CUCINELLI,EQUITY,407168.0,401773.0,33966000.0,68000000.0
BMED.MI,13819974656.0,Financial Services,Banks - Regional,EUR,MIL,BANCA MEDIOLANUM,EQUITY,1658625.0,1740149.0,244838509.0,745413891.0
BMPS.MI,24550418432.0,Financial Services,Banks - Regional,EUR,MIL,BANCA MONTE PASCHI SIENA,EQUITY,30647180.0,27923232.0,2614874840.0,3038418183.0
BPE.MI,24093992960.0,Financial Services,Banks - Regional,EUR,MIL,BPER BANCA,EQUITY,8449154.0,8151274.0,1534341754.0,1962051563.0
BZU.MI,8779034624.0,Basic Materials,Building Materials,EUR,MIL,BUZZI,EQUITY,584488.0,701523.0,,178681100.0
CPR.MI,7986311168.0,Consumer Defensive,Beverages - Wineries & Distilleries,EUR,MIL,CAMPARI,EQUITY,6375016.0,5334665.0,570825618.0,1198785728.0
CRL.MI,2801071872.0,Technology,Electronic Components,EUR,MIL,CAREL INDUSTRIES,EQUITY,75739.0,67059.0,56177743.0,112492850.0
DAL.MI,274880608.0,Technology,Scientific & Technical Instruments,EUR,MIL,DATALOGIC,EQUITY,107647.0,129168.0,14655919.0,52558433.0
DIA.MI,3099129344.0,Healthcare,Diagnostics & Research,EUR,MIL,DIASORIN,EQUITY,373446.0,359730.0,23194152.0,50328519.0
DLG.MI,5074818048.0,Consumer Cyclical,"Furnishings, Fixtures & Appliances",EUR,MIL,DE'LONGHI,EQUITY,170908.0,211303.0,44116827.0,149523224.0
ENEL.MI,98196971520.0,Utilities,Utilities - Diversified,EUR,MIL,ENEL,EQUITY,27908111.0,23090287.0,8244275000.0,9923263654.0
ENI.MI,70440640512.0,Energy,Oil & Gas Integrated,EUR,MIL,ENI,EQUITY,13143081.0,17444271.0,1867368195.0,2941154172.0
FBK.MI,12707484672.0,Financial Services,Banks - Regional,EUR,MIL,FINECOBANK,EQUITY,2666993.0,2485214.0,611456949.0,611819221.0
FCT.MI,4933151232.0,Industrials,Aerospace & Defense,EUR,MIL,FINCANTIERI,EQUITY,3865271.0,2930683.0,,357993553.0
G.MI,53760778240.0,Financial Services,Insurance - Diversified,EUR,MIL,GENERALI,EQUITY,2840326.0,2734758.0,919379904.0,1495978000.0
HER.MI,6167774720.0,Utilities,Utilities - Diversified,EUR,MIL,HERA,EQUITY,2953342.0,2165739.0,779782974.0,1478373666.0
IG.MI,10727407616.0,Utilities,Utilities - Regulated Gas,EUR,MIL,ITALGAS,EQUITY,4252037.0,2653695.0,623377529.0,1016334191.0
INW.MI,6771488256.0,Real Estate,Real Estate Services,EUR,MIL,INWIT,EQUITY,5003560.0,2670473.0,265158203.0,902344843.0
ISP.MI,98362408960.0,Financial Services,Banks - Regional,EUR,MIL,INTESA SANPAOLO,EQUITY,60529491.0,68207770.0,15272340547.0,17387732025.0
IVG.MI,5113858560.0,Industrials,Farm & Heavy Construction Machinery,EUR,MIL,IVECO GROUP,EQUITY,1091709.0,1177137.0,248634741.0,266346803.0
LDO.MI,32490233856.0,Industrials,Aerospace & Defense,EUR,MIL,LEONARDO,EQUITY,2910111.0,4575004.0,402222400.0,576988679.0
LTMC.MI,6286317568.0,Consumer Cyclical,Gambling,EUR,MIL,LOTTOMATICA GROUP,EQUITY,1110853.0,874753.0,212872052.0,235380097.0
MB.MI,14578107392.0,Financial Services,Banks - Regional,EUR,MIL,MEDIOBANCA,EQUITY,2227840.0,1626097.0,,806534267.0
MONC.MI,14769516544.0,Consumer Cyclical,Apparel Manufacturing,EUR,MIL,MONCLER,EQUITY,997032.0,750696.0,225899170.0,271598300.0
NEXI.MI,4006394880.0,Technology,Software - Infrastructure,EUR,MIL,NEXI,EQUITY,20384737.0,17400612.0,414871847.0,1172488905.0
PRY.MI,34360037376.0,Industrials,Electrical Equipment & Parts,EUR,MIL,PRYSMIAN,EQUITY,1214490.0,1233127.0,286777000.0,286811649.0
PST.MI,27901136896.0,Industrials,Conglomerates,EUR,MIL,POSTE ITALIANE,EQUITY,2525987.0,2782220.0,454804088.0,1292342627.0
RACE.MI,53253681152.0,Consumer Cyclical,Auto Manufacturers,EUR,MIL,FERRARI,EQUITY,604179.0,614241.0,155659732.0,176490100.0
REC.MI,9943372800.0,Healthcare,Drug Manufacturers - General,EUR,MIL,RECORDATI ORD,EQUITY,375904.0,453468.0,108559979.0,203421916.0
REY.MI,3120188160.0,Technology,Information Technology Services,EUR,MIL,REPLY,EQUITY,140215.0,129467.0,23007382.0,37278236.0
SPM.MI,8019188224.0,Energy,Oil & Gas Equipment & Services,EUR,MIL,SAIPEM,EQUITY,40864118.0,43943081.0,1261591213.0,1940282698.0
SRG.MI,22812669952.0,Utilities,Utilities - Regulated Gas,EUR,MIL,SNAM,EQUITY,7609871.0,6395729.0,2051764429.0,3355791415.0
STLAM.MI,19966556160.0,Consumer Cyclical,Auto Manufacturers,EUR,MIL,STELLANTIS,EQUITY,35301419.0,36556055.0,2442897057.0,2897483196.0
STMMI.MI,30115905536.0,Technology,Semiconductors,EUR,MIL,STMICROELECTRONICS,EQUITY,5871953.0,6650277.0,637931116.0,888768152.0
TEN.MI,25705426944.0,Energy,Oil & Gas Equipment & Services,EUR,MIL,TENARIS,EQUITY,2467453.0,2083027.0,316693702.0,1009639756.0
TGYM.MI,3886181632.0,Consumer Cyclical,Leisure,EUR,MIL,TECHNOGYM,EQUITY,202798.0,197715.0,107048725.0,199291355.0
TIT.MI,14328826880.0,Communication Services,Telecom Services,EUR,MIL,TELECOM ITALIA,EQUITY,197536405.0,145924311.0,15087461011.0,15257644386.0
TRN.MI,20698796032.0,Utilities,Utilities - Regulated Electric,EUR,MIL,TERNA,EQUITY,3982126.0,4227802.0,,2005697373.0
UCG.MI,102661963776.0,Financial Services,Banks - Regional,EUR,MIL,UNICREDIT,EQUITY,6528858.0,8371867.0,1500222927.0,1498277375.0
UNI.MI,15498768384.0,Financial Services,Insurance - Diversified,EUR,MIL,UNIPOL,EQUITY,1677957.0,1630669.0,389514115.0,717203493.0
AALB.AS,3451766272.0,Industrials,Specialty Industrial Machinery,EUR,AMS,AALBERTS N.V.,EQUITY,284662.0,393656.0,107967621.0,106998342.0
ABN.AS,23922229248.0,Financial Services,Banks - Diversified,EUR,AMS,ABN AMRO BANK N.V.,EQUITY,2439981.0,2192904.0,580636780.0,823201264.0
AD.AS,36237262848.0,Consumer Defensive,Grocery Stores,EUR,AMS,KONINKLIJKE AHOLD DELHAIZE N.V.,EQUITY,2243650.0,2442413.0,877529316.0,884267048.0
ADYEN.AS,27083710464.0,Technology,Software - Infrastructure,EUR,AMS,ADYEN,EQUITY,152272.0,162788.0,28212725.0,31536692.0
AGN.AS,10221646848.0,Financial Services,Insurance - Diversified,EUR,AMS,AEGON,EQUITY,7610199.0,8259246.0,1143907875.0,1504328323.0
AKZA.AS,8916123648.0,Basic Materials,Specialty Chemicals,EUR,AMS,AKZO NOBEL,EQUITY,701040.0,709279.0,153630690.0,171069142.0
ALFEN.AS,208732640.0,Industrials,Electrical Equipment & Parts,EUR,AMS,ALFEN,EQUITY,252379.0,165421.0,21213539.0,21742981.0
AMG.AS,1069664512.0,Basic Materials,Other Industrial Metals & Mining,EUR,AMS,AMG Critical Materials N.V.,EQUITY,319502.0,511301.0,30266199.0,32335683.0
APAM.AS,2899453952.0,Basic Materials,Steel,EUR,AMS,APERAM,EQUITY,223730.0,249690.0,42814690.0,72341663.0
ARCAD.AS,2508036352.0,Industrials,Engineering & Construction,EUR,AMS,ARCADIS,EQUITY,283267.0,240304.0,85629221.0,85047217.0
ASM.AS,37045866496.0,Technology,Semiconductor Equipment & Materials,EUR,AMS,ASM International N.V.,EQUITY,183457.0,180040.0,46545989.0,48886070.0
ASML.AS,492947537920.0,Technology,Semiconductor Equipment & Materials,EUR,AMS,ASML HOLDING,EQUITY,761198.0,850198.0,385294331.0,385417665.0
ASRNL.AS,12719963136.0,Financial Services,Insurance - Diversified,EUR,AMS,ASR NEDERLAND,EQUITY,522300.0,516649.0,193829471.0,204558568.0
BESI.AS,16654731264.0,Technology,Semiconductor Equipment & Materials,EUR,AMS,BE Semiconductor Industries N.V,EQUITY,510464.0,501430.0,70476750.0,78745777.0
BFIT.AS,2064565248.0,Consumer Cyclical,Leisure,EUR,AMS,BASIC-FIT,EQUITY,152566.0,143748.0,43081997.0,64809323.0
CRBN.AS,1101246976.0,Basic Materials,Specialty Chemicals,EUR,AMS,CORBION,EQUITY,130150.0,105416.0,48530358.0,57626739.0
DSFIR.AS,15687896064.0,Basic Materials,Specialty Chemicals,EUR,AMS,DSM FIRMENICH AG,EQUITY,882131.0,803063.0,235201044.0,250215327.0
ECMPA.AS,1539227264.0,Real Estate,REIT - Retail,EUR,AMS,EUROCOMMERCIAL PROPERTIES,EQUITY,83405.0,69548.0,54341696.0,54679475.0
EXO.AS,22629419008.0,Industrials,Farm & Heavy Construction Machinery,EUR,AMS,EXOR,EQUITY,283285.0,286623.0,79185634.0,202231958.0
FAGR.AS,,,,EUR,AMS,"FAGR.AS,0P0000ENSW,0",MUTUALFUND,,0.0,,
FLOW.AS,1239086464.0,Financial Services,Capital Markets,EUR,AMS,FLOW TRADERS,EQUITY,133473.0,125665.0,38587261.0,43568441.0
FUR.AS,1229131392.0,Energy,Oil & Gas Equipment & Services,EUR,AMS,FUGRO,EQUITY,603106.0,580359.0,107193836.0,111334361.0
GLPG.AS,1607888512.0,Healthcare,Biotechnology,EUR,AMS,GALAPAGOS,EQUITY,80041.0,82698.0,44538512.0,65897071.0
HEIA.AS,38191316992.0,Consumer Defensive,Beverages - Brewers,EUR,AMS,HEINEKEN,EQUITY,807583.0,1059128.0,267725227.0,558842819.0
IMCD.AS,5426297856.0,Basic Materials,Specialty Chemicals,EUR,AMS,IMCD,EQUITY,435230.0,304816.0,55914127.0,59032832.0
INGA.AS,70705979392.0,Financial Services,Banks - Diversified,EUR,AMS,ING GROEP N.V.,EQUITY,8726644.0,9581919.0,2902060371.0,2874893503.0
INPST.AS,7588905472.0,Industrials,Integrated Freight & Logistics,EUR,AMS,INPOST S.A.,EQUITY,2162694.0,1974977.0,226123402.0,499598776.0
JDEP.AS,15398946816.0,Consumer Defensive,Packaged Foods,EUR,AMS,JDE PEET'S,EQUITY,494357.0,1203327.0,153228426.0,485464923.0
KPN.AS,18412541952.0,Communication Services,Telecom Services,EUR,AMS,KPN KON,EQUITY,11961811.0,10628360.0,3820701316.0,3816861887.0
MT.AS,39608987648.0,Basic Materials,Steel,EUR,AMS,ARCELORMITTAL SA,EQUITY,2636391.0,2793223.0,420468736.0,761125819.0
NN.AS,18681884672.0,Financial Services,Insurance - Diversified,EUR,AMS,NN GROUP,EQUITY,689267.0,679744.0,262086770.0,261651046.0
OCI.AS,767469312.0,Basic Materials,Specialty Chemicals,EUR,AMS,OCI N.V.,EQUITY,682861.0,393485.0,105047562.0,210939330.0
PHIA.AS,23087783936.0,Healthcare,Medical Devices,EUR,AMS,KON.PHILIPS N.V.,EQUITY,1610412.0,1368341.0,950889393.0,951288934.0
PNL.AS,566670208.0,Industrials,Integrated Freight & Logistics,EUR,AMS,POSTNL,EQUITY,2031664.0,1795719.0,492382498.0,508680625.0
PRX.AS,89725435904.0,Consumer Cyclical,Internet Retail,EUR,AMS,PROSUS,EQUITY,3451800.0,3402762.0,1279602164.0,2159194365.0
RAND.AS,3818324992.0,Industrials,Staffing & Employment Services,EUR,AMS,Randstad N.V.,EQUITY,800675.0,919744.0,77062170.0,175232895.0
REN.AS,50716868608.0,Industrials,Specialty Business Services,EUR,AMS,RELX,EQUITY,2144159.0,1218032.0,1804599908.0,1788323929.0
SBMO.AS,6143310336.0,Energy,Oil & Gas Equipment & Services,EUR,AMS,SBM OFFSHORE,EQUITY,468734.0,603606.0,135387474.0,167119433.0
SHELL.AS,220039118848.0,Energy,Oil & Gas Integrated,EUR,AMS,SHELL PLC,EQUITY,7122265.0,7534340.0,5517774054.0,5599256396.0
TWEKA.AS,1623287680.0,Technology,Communication Equipment,EUR,AMS,TKH GROUP N.V.,EQUITY,104600.0,99614.0,26887409.0,39884014.0
UMG.AS,35624816640.0,Communication Services,Entertainment,EUR,AMS,UNIVERSAL MUSIC GROUP,EQUITY,3068852.0,5535864.0,1035934903.0,1833967537.0
UNA.AS,108473614336.0,Consumer Defensive,Household & Personal Products,EUR,AMS,UNILEVER PLC,EQUITY,2049579.0,3147220.0,2160934799.0,2183886100.0
VPK.AS,5035886080.0,Energy,Oil & Gas Midstream,EUR,AMS,VOPAK,EQUITY,174651.0,169448.0,56974047.0,114608238.0
WKL.AS,14077566976.0,Industrials,Specialty Business Services,EUR,AMS,WOLTERS KLUWER,EQUITY,1254301.0,1084598.0,225612725.0,224531799.0
BAKKA.OL,28069986304.0,Consumer Defensive,Farm Products,NOK,OSL,BAKKAFROST,EQUITY,137318.0,102109.0,40143519.0,59294436.0
ALTR.LS,1005145280.0,Basic Materials,Paper & Paper Products,EUR,LIS,ALTRI SGPS,EQUITY,314835.0,353669.0,61000005.0,205131672.0
BCP.LS,13338970112.0,Financial Services,Banks - Regional,EUR,LIS,B.C.P.-BCO COMERCIAL PORTUGUES,EQUITY,61818802.0,71243243.0,8831552244.0,14804627089.0
COR.LS,892430016.0,Basic Materials,Lumber & Wood Production,EUR,LIS,Corticeira Amorim-SGPS,EQUITY,138550.0,125584.0,38030020.0,133000000.0
CTT.LS,895881088.0,Industrials,Integrated Freight & Logistics,EUR,LIS,"CTT-CORREIOS DE PORTUGAL, SA",EQUITY,418568.0,570683.0,77753985.0,132388875.0
EDP.LS,19574118400.0,Utilities,Utilities - Diversified,EUR,LIS,"EDP, SA",EQUITY,13249255.0,10998221.0,2716012447.0,4133921624.0
EDPR.LS,15197938688.0,Utilities,Utilities - Renewable,EUR,LIS,EDP RENOVAVEIS,EQUITY,1103775.0,1145805.0,301415277.0,1051033116.0
EGL.LS,1519767936.0,Industrials,Engineering & Construction,EUR,LIS,MOTA ENGIL,EQUITY,2081122.0,2322722.0,,306775950.0
GALP.LS,14253441024.0,Energy,Oil & Gas Integrated,EUR,LIS,GALP ENERGIA-NOM,EQUITY,2469478.0,3226024.0,340622503.0,679676292.0
IBS.LS,461182336.0,Consumer Cyclical,Restaurants,EUR,LIS,Ibersol-SGPS,EQUITY,13935.0,14283.0,14356986.0,40366030.0
JMT.LS,13096569856.0,Consumer Defensive,Food Distribution,EUR,LIS,"J.MARTINS,SGPS",EQUITY,901650.0,878047.0,274877128.0,628434220.0
NBA.LS,344508992.0,Technology,Information Technology Services,EUR,LIS,"Novabase, SGPS - Nom.",EQUITY,3044.0,2975.0,9452520.0,37691134.0
NOS.LS,2847632896.0,Communication Services,Telecom Services,EUR,LIS,"NOS, SGPS, SA",EQUITY,820679.0,713788.0,158571965.0,511704041.0
NVG.LS,2416600064.0,Basic Materials,Paper & Paper Products,EUR,LIS,THE NAVIGATOR COMP,EQUITY,1092767.0,1213692.0,213141566.0,711183069.0
PHR.LS,63526912.0,Communication Services,Telecom Services,EUR,LIS,"PHarol, SGPS, SA",EQUITY,2868536.0,1465622.0,821822948.0,821822948.0
RENE.LS,2603491328.0,Utilities,Utilities - Diversified,EUR,LIS,REN,EQUITY,561931.0,675394.0,383054827.0,663309888.0
SEM.LS,1813034880.0,Basic Materials,Paper & Paper Products,EUR,LIS,SEMAPA,EQUITY,27937.0,21282.0,13401282.0,79869373.0
SON.LS,3986795008.0,Consumer Defensive,Grocery Stores,EUR,LIS,SONAE,EQUITY,2193760.0,2140419.0,783881695.0,1944778067.0
A3M.MC,1134899328.0,Communication Services,Entertainment,EUR,MCE,ATRESMEDIA CORPORACION DE MEDIO,EQUITY,376718.0,314914.0,96781687.0,225178424.0
ACS.MC,31261286400.0,Industrials,Engineering & Construction,EUR,MCE,"ACS,ACTIVIDADES DE CONSTRUCCION",EQUITY,373422.0,374869.0,146039558.0,260510722.0
ACX.MC,3331026944.0,Basic Materials,Steel,EUR,MCE,"ACERINOX, S.A.",EQUITY,1286464.0,964833.0,178204960.0,249328371.0
AENA.MC,40199999488.0,Industrials,Airports & Air Services,EUR,MCE,"AENA, S.M.E., S.A.",EQUITY,1739903.0,1538494.0,703950000.0,1500000000.0
AMS.MC,20823203840.0,Technology,Information Technology Services,EUR,MCE,"AMADEUS IT GROUP, S.A.",EQUITY,1291915.0,1176476.0,430867644.0,422339336.0
ANA.MC,13070314496.0,Industrials,Engineering & Construction,EUR,MCE,"ACCIONA, S.A.",EQUITY,90982.0,71933.0,23867768.0,54505065.0
ANE.MC,7180516864.0,Utilities,Utilities - Renewable,EUR,MCE,CORPORACI...N ACCIONA ENERG...A,EQUITY,305312.0,282399.0,28728274.0,324323262.0
BBVA.MC,111018074112.0,Financial Services,Banks - Diversified,EUR,MCE,BANCO BILBAO VIZCAYA ARGENTARIA,EQUITY,13317673.0,24182863.0,5653057338.0,5634005398.0
BKT.MC,13026601984.0,Financial Services,Banks - Regional,EUR,MCE,"BANKINTER, S.A.",EQUITY,2295046.0,1806915.0,640195276.0,898696272.0
CABK.MC,74284990464.0,Financial Services,Banks - Regional,EUR,MCE,"CAIXABANK, S.A.",EQUITY,10243672.0,17703990.0,3473083665.0,6969999703.0
CAF.MC,2092697984.0,Industrials,Railroads,EUR,MCE,CONSTRUCCIONES Y AUXILIAR DE FE,EQUITY,31384.0,25124.0,21682886.0,34248500.0
CIE.MC,3469518336.0,Consumer Cyclical,Auto Parts,EUR,MCE,"CIE AUTOMOTIVE, S.A.",EQUITY,75986.0,67460.0,33816237.0,118604980.0
CLNX.MC,20213452800.0,Real Estate,Real Estate Services,EUR,MCE,"CELLNEX TELECOM, S.A.",EQUITY,1656135.0,1296328.0,524462752.0,671534592.0
COL.MC,3295889920.0,Real Estate,REIT - Office,EUR,MCE,"COLONIAL SFL, SOCIMI. S.A.",EQUITY,1802905.0,1549682.0,268614673.0,615008971.0
ELE.MC,39705886720.0,Utilities,Utilities - Regulated Electric,EUR,MCE,"ENDESA,S.A.",EQUITY,1060351.0,840029.0,296620164.0,1030518808.0
ENG.MC,4484011008.0,Utilities,Utilities - Regulated Gas,EUR,MCE,"ENAGAS,S.A.",EQUITY,1469373.0,2719673.0,224352035.0,259942673.0
FDR.MC,3961124096.0,Consumer Cyclical,Leisure,EUR,MCE,"FLUIDRA, S.A.",EQUITY,353343.0,393562.0,85430015.0,189882035.0
FER.MC,43696263168.0,Industrials,Engineering & Construction,EUR,MCE,FERROVIAL SE,EQUITY,880208.0,947688.0,422733730.0,717735287.0
GRF.MC,6080259584.0,Healthcare,Drug Manufacturers - General,EUR,MCE,GRIFOLS S.A.,EQUITY,2139236.0,2951982.0,417315170.0,422351576.0
IAG.MC,20169723904.0,Industrials,Airlines,EUR,MCE,INTL CONSOLIDATED AIRLINES GROU,EQUITY,10560306.0,10968639.0,2819481568.0,4513246971.0
IBE.MC,137319415808.0,Utilities,Utilities - Diversified,EUR,MCE,ACCIONES IBERDROLA,EQUITY,10843161.0,9806329.0,6321455276.0,6757845603.0
IDR.MC,8830184448.0,Technology,Information Technology Services,EUR,MCE,"INDRA SISTEMAS S.A., SERIE A",EQUITY,1433572.0,1766920.0,74123019.0,174993738.0
ITX.MC,168197406720.0,Consumer Cyclical,Apparel Retail,EUR,MCE,INDUSTRIA DE DISE...O TEXTIL S.,EQUITY,2237686.0,2393081.0,1109223400.0,3114766768.0
LOG.MC,4410145280.0,Industrials,Integrated Freight & Logistics,EUR,MCE,COMPA...IA DE DISTRIBUCION INTE,EQUITY,329157.0,243124.0,58532926.0,132119391.0
MAP.MC,12567960576.0,Financial Services,Insurance - Diversified,EUR,MCE,"MAPFRE, S.A.",EQUITY,3250498.0,2518451.0,916584787.0,3063861435.0
MRL.MC,9298713600.0,Real Estate,REIT - Office,EUR,MCE,"MERLIN PROPERTIES SOCIMI, S.A.",EQUITY,1464779.0,1742010.0,394560515.0,619088759.0
MTS.MC,39578542080.0,Basic Materials,Steel,EUR,MCE,ARCELORMITTAL SA,EQUITY,279683.0,340046.0,420468736.0,761125819.0
NTGY.MC,24827346944.0,Utilities,Utilities - Regulated Gas,EUR,MCE,"NATURGY ENERGY GROUP, S.A.",EQUITY,1886768.0,2842327.0,194283260.0,926393571.0
RED.MC,8289859584.0,Utilities,Utilities - Regulated Electric,EUR,MCE,"REDEIA CORPORACION, S.A.",EQUITY,1752422.0,1888087.0,405656922.0,540408058.0
REP.MC,23835996160.0,Energy,Oil & Gas Integrated,EUR,MCE,"REPSOL,  S.A.",EQUITY,5940591.0,6396646.0,1103640639.0,1103235397.0
ROVI.MC,4263310336.0,Healthcare,Drug Manufacturers - Specialty & Generic,EUR,MCE,LABORATORIOS FARMACEUTICOS ROVI,EQUITY,127417.0,90130.0,16296230.0,51149498.0
SAB.MC,16078485504.0,Financial Services,Banks - Diversified,EUR,MCE,BANCO DE SABADELL,EQUITY,18114445.0,17468064.0,4964736469.0,4918723430.0
SAN.MC,151896211456.0,Financial Services,Banks - Diversified,EUR,MCE,BANCO SANTANDER S.A.,EQUITY,33856939.0,34498823.0,14467022306.0,14412339420.0
SCYR.MC,3725099264.0,Industrials,Engineering & Construction,EUR,MCE,"SACYR, S.A.",EQUITY,2992287.0,2835818.0,,799720793.0
SLR.MC,2890113792.0,Utilities,Utilities - Renewable,EUR,MCE,SOLARIA ENERGIA Y MEDIO AMBIENT,EQUITY,1180848.0,1254407.0,31778165.0,124950876.0
TEF.MC,21687152640.0,Communication Services,Telecom Services,EUR,MCE,"TELEFONICA,S.A.",EQUITY,14220411.0,12668732.0,3927428876.0,5637918350.0
UNI.MC,7088812544.0,Financial Services,Banks - Regional,EUR,MCE,"UNICAJA BANCO, S.A.",EQUITY,5733285.0,4960250.0,923038348.0,2568200415.0
VID.MC,2762035456.0,Consumer Cyclical,Packaging & Containers,EUR,MCE,"VIDRALA, S.A.",EQUITY,47378.0,38724.0,21813724.0,34854092.0
ABB.ST,1539794534400.0,Industrials,Electrical Equipment & Parts,SEK,STO,ABB Ltd,EQUITY,553063.0,511078.0,1816963740.0,1814625757.0
ADDT-B.ST,87682048000.0,Industrials,Industrial Distribution,SEK,STO,Addtech AB ser. B,EQUITY,452273.0,443667.0,256146040.0,257092658.0
ALFA.ST,226668150784.0,Industrials,Specialty Industrial Machinery,SEK,STO,Alfa Laval AB,EQUITY,693611.0,759153.0,290828795.0,413326315.0
ASSA-B.ST,406433038336.0,Industrials,Security & Protection Services,SEK,STO,ASSA ABLOY AB ser. B,EQUITY,1984725.0,1907352.0,970185373.0,1053250365.0
ATCO-A.ST,875246190592.0,Industrials,Specialty Industrial Machinery,SEK,STO,Atlas Copco AB ser. A,EQUITY,5499744.0,5594283.0,3939185073.0,3315147369.0
AZN.ST,2945032388608.0,Healthcare,Drug Manufacturers - General,SEK,STO,AstraZeneca PLC,EQUITY,312660.0,242091.0,1543370514.0,1550833276.0
BEIA-B.ST,15879090176.0,Industrials,Specialty Industrial Machinery,SEK,STO,Beijer Alma AB ser. B,EQUITY,58247.0,48811.0,51424146.0,53885104.0
BOL.ST,154414972928.0,Basic Materials,Other Industrial Metals & Mining,SEK,STO,Boliden AB,EQUITY,1554166.0,1429567.0,278761909.0,283955454.0
BUFAB.ST,21506613248.0,Industrials,Industrial Distribution,SEK,STO,Bufab AB,EQUITY,233962.0,122639.0,132640299.0,189652665.0
EPI-A.ST,310682714112.0,Industrials,Farm & Heavy Construction Machinery,SEK,STO,Epiroc AB ser. A,EQUITY,1978799.0,2039266.0,1001136390.0,819850906.0
EQT.ST,343388913664.0,Financial Services,Asset Management,SEK,STO,EQT AB,EQUITY,2432306.0,1991376.0,931121832.0,1171176350.0
ERIC-B.ST,369835114496.0,Technology,Communication Equipment,SEK,STO,"Ericsson, Telefonab. L M ser. B",EQUITY,7897260.0,7285415.0,2908414070.0,3071593476.0
ESSITY-B.ST,169364029440.0,Consumer Defensive,Household & Personal Products,SEK,STO,Essity AB ser. B,EQUITY,1643936.0,1588304.0,602407938.0,623504390.0
EVO.ST,119775035392.0,Consumer Cyclical,Gambling,SEK,STO,Evolution AB,EQUITY,714910.0,810231.0,120942508.0,199226613.0
HEXA-B.ST,253727391744.0,Technology,Scientific & Technical Instruments,SEK,STO,Hexagon AB ser. B,EQUITY,4893234.0,4776995.0,2017632108.0,2574127888.0
HM-B.ST,279770071040.0,Consumer Cyclical,Apparel Manufacturing,SEK,STO,"Hennes & Mauritz AB, H & M ser.",EQUITY,2093454.0,1997455.0,473404162.0,1403373003.0
HMS.ST,23049093120.0,Technology,Communication Equipment,SEK,STO,HMS Networks AB,EQUITY,69538.0,55448.0,31013879.0,50194016.0
INDU-C.ST,216146952192.0,Financial Services,Asset Management,SEK,STO,"Industrivärden, AB ser. C",EQUITY,619345.0,568436.0,295336929.0,221263206.0
INVE-B.ST,1145217220608.0,Financial Services,Asset Management,SEK,STO,Investor AB ser. B,EQUITY,3709284.0,3718428.0,2441273518.0,1816953273.0
LAGR-B.ST,44571631616.0,Industrials,Conglomerates,SEK,STO,Lagercrantz Group AB ser B,EQUITY,301320.0,255134.0,190928224.0,196383885.0
LIFCO-B.ST,132631158784.0,Industrials,Conglomerates,SEK,STO,Lifco AB ser.B,EQUITY,468510.0,604117.0,221580338.0,423836450.0
NDA-SE.ST,582022070272.0,Financial Services,Banks - Regional,SEK,STO,Nordea Bank Abp,EQUITY,3002079.0,2896850.0,3202898152.0,3396685608.0
NIBE-B.ST,78787878912.0,Industrials,Building Products & Equipment,SEK,STO,NIBE Industrier AB ser. B,EQUITY,10319084.0,8181653.0,1453536000.0,1782936128.0
SAAB-B.ST,329014018048.0,Industrials,Aerospace & Defense,SEK,STO,SAAB AB ser. B,EQUITY,1981686.0,1693137.0,372593331.0,529831619.0
SAND.ST,504890327040.0,Industrials,Specialty Industrial Machinery,SEK,STO,Sandvik AB,EQUITY,2629414.0,2113205.0,1024896018.0,1254385923.0
SCA-B.ST,76133924864.0,Basic Materials,Paper & Paper Products,SEK,STO,Svenska Cellulosa AB SCA ser. B,EQUITY,1923267.0,1900908.0,644314953.0,641476059.0
SEB-A.ST,355711254528.0,Financial Services,Banks - Regional,SEK,STO,Skandinaviska Enskilda Banken s,EQUITY,3150091.0,3098911.0,1472692692.0,1934938128.0
SECT-B.ST,45315391488.0,Healthcare,Medical Devices,SEK,STO,SECTRA AB ser B,EQUITY,255480.0,188735.0,179317559.0,179564029.0
SHB-A.ST,258219802624.0,Financial Services,Banks - Diversified,SEK,STO,Svenska Handelsbanken ser. A,EQUITY,7394509.0,8361402.0,1625583593.0,1944777165.0
SKA-B.ST,106018996224.0,Industrials,Engineering & Construction,SEK,STO,Skanska AB ser. B,EQUITY,861563.0,1186512.0,372401233.0,394780432.0
SKF-B.ST,108828909568.0,Industrials,Tools & Accessories,SEK,STO,"SKF, AB ser. B",EQUITY,1321985.0,1310463.0,454795540.0,426432748.0
SWEC-B.ST,51495538688.0,Industrials,Engineering & Construction,SEK,STO,SWECO AB ser. B,EQUITY,414564.0,431766.0,210021633.0,329796091.0
SWED-A.ST,370760613888.0,Financial Services,Banks - Regional,SEK,STO,Swedbank AB ser A,EQUITY,2970129.0,3385198.0,861909972.0,1123517089.0
TEL2-B.ST,136734588928.0,Communication Services,Telecom Services,SEK,STO,Tele2 AB ser. B,EQUITY,1850748.0,1667408.0,693278710.0,683778724.0
TELIA.ST,191139840000.0,Communication Services,Telecom Services,SEK,STO,Telia Company AB,EQUITY,7404441.0,7318692.0,2316287617.0,3932109286.0
VITR.ST,13097742336.0,Healthcare,Medical Devices,SEK,STO,Vitrolife AB,EQUITY,310389.0,215152.0,73711887.0,135447190.0
VOLV-B.ST,663515365376.0,Industrials,Farm & Heavy Construction Machinery,SEK,STO,"Volvo, AB ser. B",EQUITY,3729544.0,4397350.0,1943715844.0,1591908622.0
ABBN.SW,130381594624.0,Industrials,Electrical Equipment & Parts,CHF,EBS,ABB LTD N,EQUITY,2773466.0,2659477.0,1816963740.0,1814625757.0
ADEN.SW,3023284736.0,Industrials,Staffing & Employment Services,CHF,EBS,ADECCO N,EQUITY,1070974.0,1053149.0,168043542.0,168053625.0
ALC.SW,30025558016.0,Healthcare,Medical Instruments & Supplies,CHF,EBS,ALCON N,EQUITY,1050568.0,878866.0,486267842.0,487427920.0
AMS.SW,1029022592.0,Technology,Semiconductors,CHF,EBS,AMS-OSRAM,EQUITY,645120.0,895827.0,98676445.0,98849432.0
AVOL.SW,7386753536.0,Consumer Cyclical,Specialty Retail,CHF,EBS,AVOLTA N,EQUITY,251659.0,348709.0,88082277.0,141508681.0
BAER.SW,12767136768.0,Financial Services,Asset Management,CHF,EBS,JULIUS BAER N,EQUITY,550596.0,510062.0,204239334.0,204995768.0
BARN.SW,7286509568.0,Consumer Defensive,Confectioners,CHF,EBS,BARRY CALLEBAUT N,EQUITY,12154.0,12072.0,3496428.0,5482701.0
BEAN.SW,8708377600.0,Industrials,Building Products & Equipment,CHF,EBS,BELIMO N,EQUITY,26385.0,29708.0,12064671.0,12299969.0
BKW.SW,8369394176.0,Utilities,Utilities - Renewable,CHF,EBS,BKW N,EQUITY,79395.0,76010.0,19719263.0,52770453.0
CFR.SW,90160644096.0,Consumer Cyclical,Luxury Goods,CHF,EBS,RICHEMONT N,EQUITY,961130.0,984994.0,533875732.0,534182089.0
CLN.SW,2772421888.0,Basic Materials,Specialty Chemicals,CHF,EBS,CLARIANT N,EQUITY,1117081.0,992540.0,194585859.0,328875656.0
EMSN.SW,15506925568.0,Basic Materials,Specialty Chemicals,CHF,EBS,EMS-CHEMIE N,EQUITY,15092.0,19693.0,6801529.0,23389028.0
FHZN.SW,7686769152.0,Industrials,Airports & Air Services,CHF,EBS,FLUGHAFEN ZUERICH N,EQUITY,57135.0,59000.0,18807412.0,30697960.0
GALE.SW,4551457280.0,Healthcare,Medical Distribution,CHF,EBS,GALENICA N,EQUITY,98932.0,89570.0,49770574.0,49824384.0
GEBN.SW,18201497600.0,Industrials,Building Products & Equipment,CHF,EBS,GEBERIT N,EQUITY,82858.0,112336.0,32843812.0,32973728.0
GIVN.SW,25915584512.0,Basic Materials,Specialty Chemicals,CHF,EBS,GIVAUDAN N,EQUITY,25292.0,23906.0,9217291.0,9229197.0
HOLN.SW,40112631808.0,Basic Materials,Building Materials,CHF,EBS,HOLCIM N,EQUITY,1540801.0,1397377.0,496905475.0,553125111.0
KNIN.SW,21507448832.0,Industrials,Integrated Freight & Logistics,CHF,EBS,KUEHNE+NAGEL INT N,EQUITY,248886.0,198767.0,52774602.0,118760074.0
LOGN.SW,10670678016.0,Technology,Computer Hardware,CHF,EBS,LOGITECH N,EQUITY,842163.0,640785.0,146221008.0,146588946.0
LONN.SW,35969777664.0,Healthcare,Diagnostics & Research,CHF,EBS,LONZA N,EQUITY,169965.0,177028.0,69810005.0,69844229.0
NESN.SW,203462590464.0,Consumer Defensive,Packaged Foods,CHF,EBS,NESTLE N,EQUITY,3964813.0,3524561.0,2570115591.0,2572220000.0
NOVN.SW,232336556032.0,Healthcare,Drug Manufacturers - General,CHF,EBS,NOVARTIS N,EQUITY,3380702.0,2490869.0,1816178768.0,1908151679.0
PGHN.SW,22163183616.0,Financial Services,Asset Management,CHF,EBS,PARTNERS GROUP N,EQUITY,116729.0,95725.0,21680007.0,25783135.0
PSPN.SW,7251714048.0,Real Estate,Real Estate Services,CHF,EBS,PSP N,EQUITY,81281.0,88321.0,45578465.0,45867891.0
RO.SW,261758205952.0,Healthcare,Drug Manufacturers - General,CHF,EBS,ROCHE I,EQUITY,33636.0,36192.0,726032918.0,106691000.0
ROG.SW,256427556864.0,Healthcare,Drug Manufacturers - General,CHF,EBS,ROCHE GS,EQUITY,1170679.0,1589763.0,721792276.0,688926637.0
SCMN.SW,35095818240.0,Communication Services,Telecom Services,CHF,EBS,SWISSCOM N,EQUITY,100784.0,90677.0,25367411.0,51801943.0
SDZ.SW,28825982976.0,Healthcare,Drug Manufacturers - Specialty & Generic,CHF,EBS,SANDOZ GROUP N,EQUITY,829452.0,828264.0,414324815.0,432692617.0
SGSN.SW,16318917632.0,Industrials,Consulting Services,CHF,EBS,SGS N,EQUITY,450506.0,543034.0,164996803.0,193123277.0
SIGN.SW,4562240000.0,Consumer Cyclical,Packaging & Containers,CHF,EBS,SIG GROUP N,EQUITY,1109540.0,944527.0,315149898.0,382097138.0
SIKA.SW,22220836864.0,Basic Materials,Specialty Chemicals,CHF,EBS,SIKA N,EQUITY,711391.0,564205.0,160172912.0,160439241.0
SLHN.SW,25324210176.0,Financial Services,Insurance - Diversified,CHF,EBS,SWISS LIFE HOLDING AG N,EQUITY,67277.0,71997.0,27830642.0,27945498.0
SOON.SW,10890867712.0,Healthcare,Medical Devices,CHF,EBS,SONOVA N,EQUITY,183905.0,163558.0,59429450.0,59610666.0
SPSN.SW,10983878656.0,Real Estate,Real Estate - Diversified,CHF,EBS,SWISS PRIME SITE N,EQUITY,183600.0,167572.0,80159054.0,80232868.0
SREN.SW,39519223808.0,Financial Services,Insurance - Reinsurance,CHF,EBS,SWISS RE N,EQUITY,896312.0,945160.0,278000048.0,294919585.0
STMN.SW,13441702912.0,Healthcare,Medical Instruments & Supplies,CHF,EBS,STRAUMANN N,EQUITY,432355.0,448964.0,107917899.0,159450805.0
TECN.SW,1707280512.0,Healthcare,Medical Instruments & Supplies,CHF,EBS,TECAN GROUP AG N,EQUITY,63928.0,46378.0,12500379.0,12655898.0
TEMN.SW,4753007616.0,Technology,Software - Application,CHF,EBS,TEMENOS N,EQUITY,243041.0,225563.0,52272750.0,67322751.0
UBSG.SW,101160402944.0,Financial Services,Banks - Diversified,CHF,EBS,UBS GROUP N,EQUITY,6535899.0,6534191.0,3076240695.0,3091699191.0
UHR.SW,9751854080.0,Consumer Cyclical,Luxury Goods,CHF,EBS,SWATCH GROUP I,EQUITY,117013.0,80791.0,36842823.0,28936000.0
VACN.SW,16475815936.0,Industrials,Specialty Industrial Machinery,CHF,EBS,VAT GROUP N,EQUITY,104817.0,127460.0,26909101.0,29966926.0
ZURN.SW,81675108352.0,Financial Services,Insurance - Diversified,CHF,EBS,ZURICH INSURANCE N,EQUITY,366734.0,455127.0,142026527.0,149369269.0
ALK-B.CO,47148531712.0,Healthcare,Biotechnology,DKK,CPH,ALK-Abelló B A/S,EQUITY,189459.0,203976.0,131809828.0,201305917.0
CHEMM.CO,5279912448.0,Healthcare,Medical Devices,DKK,CPH,ChemoMetec A/S,EQUITY,96093.0,98025.0,16744900.0,17402479.0
REG1V.HE,522527456.0,Healthcare,Medical Devices,EUR,HEL,Revenio Group Corporation,EQUITY,49110.0,33873.0,26156221.0,26605266.0
BIG.PA,5254035.0,Technology,Consumer Electronics,EUR,PAR,BIGBEN INTERACTIVE,EQUITY,50540.0,29904.0,11862480.0,18500123.0
COFA.PA,2366701312.0,Financial Services,Insurance - Reinsurance,EUR,PAR,COFACE,EQUITY,227687.0,145133.0,96539817.0,149507344.0
CRI.PA,207159360.0,Industrials,Conglomerates,EUR,PAR,COMPAGNIE CHARGEURS INVEST,EQUITY,7232.0,9213.0,8143273.0,24116341.0
DBG.PA,1433885824.0,Industrials,Waste Management,EUR,PAR,DERICHEBOURG,EQUITY,215496.0,171673.0,90993747.0,158440410.0
DIM.PA,16568179712.0,Healthcare,Medical Instruments & Supplies,EUR,PAR,SARTORIUS STED BIO,EQUITY,93609.0,93469.0,27735317.0,97278271.0
EN.PA,20226097152.0,Industrials,Engineering & Construction,EUR,PAR,BOUYGUES,EQUITY,662831.0,718683.0,215762383.0,384965689.0
GTT.PA,7409196544.0,Energy,Oil & Gas Equipment & Services,EUR,PAR,GAZTRANSPORT & TECHNIGAZ,EQUITY,109991.0,105431.0,36714626.0,37064515.0
IPN.PA,14074983424.0,Healthcare,Drug Manufacturers - Specialty & Generic,EUR,PAR,IPSEN,EQUITY,104175.0,124922.0,26544542.0,82406220.0
KOF.PA,576664640.0,Consumer Cyclical,Residential Construction,EUR,PAR,KAUFMAN ET BROAD,EQUITY,28076.0,35311.0,13826356.0,19614445.0
MDM.PA,28930936.0,Consumer Cyclical,Home Improvement Retail,EUR,PAR,MAISONS DU MONDE,EQUITY,42063.0,140334.0,14778561.0,38510907.0
MRN.PA,611507328.0,Industrials,Electrical Equipment & Parts,EUR,PAR,MERSEN,EQUITY,43242.0,39843.0,21215677.0,24227707.0
NXI.PA,478169760.0,Real Estate,Real Estate - Diversified,EUR,PAR,NEXITY,EQUITY,205023.0,199898.0,47076673.0,55683282.0
RF.PA,2807121152.0,Financial Services,Asset Management,EUR,PAR,EURAZEO SE,EQUITY,146149.0,151924.0,38059950.0,64520915.0
THEP.PA,669462144.0,Industrials,Industrial Distribution,EUR,PAR,THERMADOR GROUPE,EQUITY,2599.0,2545.0,621316.0,9170713.0
VCT.PA,3033018368.0,Basic Materials,Building Materials,EUR,PAR,VICAT,EQUITY,48716.0,43350.0,17205206.0,44530388.0
VETO.PA,948967296.0,Healthcare,Drug Manufacturers - Specialty & Generic,EUR,PAR,VETOQUINOL,EQUITY,2581.0,2201.0,3818908.0,11799419.0
AOF.DE,1175473536.0,Technology,Software - Application,EUR,GER,ATOSS Software SE             I,EQUITY,36690.0,31522.0,9036512.0,15906272.0
COK.DE,748061632.0,Technology,Information Technology Services,EUR,GER,CANCOM SE                     I,EQUITY,106411.0,130870.0,21496336.0,30470943.0
DBAN.DE,435252864.0,Financial Services,Asset Management,EUR,GER,Deutsche Beteiligungs AG      N,EQUITY,20894.0,24200.0,12151440.0,17801751.0
DMP.DE,2366268160.0,Healthcare,Drug Manufacturers - Specialty & Generic,EUR,GER,Dermapharm Holding SE         I,EQUITY,31884.0,41665.0,7843017.0,53840000.0
HYQ.DE,538036288.0,Financial Services,Credit Services,EUR,GER,Hypoport SE                   N,EQUITY,34494.0,41718.0,4428135.0,6654747.0
IXX.DE,403205824.0,Technology,Information Technology Services,EUR,GER,init innov.in traffic syst.SE I,EQUITY,5611.0,4910.0,6032098.0,9931178.0
KTN.DE,1230542336.0,Technology,Information Technology Services,EUR,GER,Kontron AG                    I,EQUITY,229806.0,213894.0,61360196.0,62750753.0
LPK.DE,186173744.0,Industrials,Specialty Industrial Machinery,EUR,GER,LPKF Laser & Electronics SE   I,EQUITY,56981.0,58077.0,21857219.0,24496546.0
MBB.DE,968602688.0,Industrials,Conglomerates,EUR,GER,MBB SE                        I,EQUITY,5883.0,7115.0,1318467.0,5316151.0
NA9.DE,529575008.0,Technology,Information Technology Services,EUR,GER,Nagarro SE                    N,EQUITY,49941.0,28274.0,10034866.0,11784046.0
NB2.DE,590578752.0,Technology,Information Technology Services,EUR,GER,Northern Data AG              I,EQUITY,60120.0,54881.0,,64196677.0
PAT.DE,620760832.0,Real Estate,Real Estate Services,EUR,GER,PATRIZIA SE                   N,EQUITY,78847.0,67852.0,40366749.0,86456947.0
SMHN.DE,1165092096.0,Technology,Semiconductor Equipment & Materials,EUR,GER,SUSS MicroTec SE              N,EQUITY,126890.0,185323.0,18602668.0,19115538.0
TPE.DE,676804608.0,Industrials,Specialty Industrial Machinery,EUR,GER,PVA TePla AG                  I,EQUITY,87915.0,77371.0,18375042.0,20422590.0
TTR1.DE,197213824.0,Industrials,Specialty Industrial Machinery,EUR,GER,technotrans SE                N,EQUITY,10970.0,8147.0,5492837.0,6907665.0
YSN.DE,1160628608.0,Technology,Software - Infrastructure,EUR,GER,SECUNET SECURITY NETWORKS AG  I,EQUITY,5178.0,4684.0,1609612.0,6469502.0
ALPHA.AT,8397128192.0,Financial Services,Banks - Diversified,EUR,ATH,ALPHA BANK S.A.,EQUITY,13923981.0,14071848.0,2057163947.0,2306903334.0
EUROB.AT,13859168256.0,Financial Services,Banks - Regional,EUR,ATH,EUROBANK S.A.,EQUITY,12205707.0,12386124.0,2486969563.0,3624095060.0
PPC.AT,7123218944.0,Utilities,Utilities - Renewable,EUR,ATH,P.P.C. S.A.,EQUITY,715392.0,573179.0,310557650.0,369270000.0
JUVE.MI,854919616.0,Communication Services,Entertainment,EUR,MIL,JUVENTUS FC,EQUITY,753580.0,974254.0,417033996.0,417033996.0
MARR.MI,526729024.0,Consumer Defensive,Food Distribution,EUR,MIL,MARR,EQUITY,228900.0,213569.0,30072539.0,63202917.0
PIA.MI,559527104.0,Consumer Cyclical,Auto Manufacturers,EUR,MIL,PIAGGIO,EQUITY,952001.0,876341.0,172265206.0,352298042.0
SFER.MI,1264941696.0,Consumer Cyclical,Luxury Goods,EUR,MIL,SALVATORE FERRAGAMO,EQUITY,435342.0,604509.0,63961146.0,165676698.0
TNXT.MI,688376320.0,Technology,Information Technology Services,EUR,MIL,TINEXTA,EQUITY,95842.0,133345.0,28116055.0,45891755.0
ZV.MI,637275392.0,Consumer Cyclical,Packaging & Containers,EUR,MIL,ZIGNAGO VETRO,EQUITY,91206.0,92371.0,31661641.0,88265288.0
ATEA.OL,15692906496.0,Technology,Information Technology Services,NOK,OSL,ATEA,EQUITY,147833.0,197414.0,70103867.0,111297210.0
AUTO.OL,34135287808.0,Technology,Computer Hardware,NOK,OSL,AUTOSTORE HOLDINGS LTD.,EQUITY,6068482.0,8825307.0,1933613060.0,3363082877.0
BRG.OL,17650135040.0,Basic Materials,Specialty Chemicals,NOK,OSL,BORREGAARD,EQUITY,135627.0,105461.0,80140203.0,99944133.0
HEX.OL,2585827328.0,Consumer Cyclical,Packaging & Containers,NOK,OSL,HEXAGON COMPOSITES,EQUITY,1441697.0,1069164.0,180670740.0,249767333.0
KIT.OL,22876276736.0,Technology,Electronic Components,NOK,OSL,KITRON,EQUITY,826432.0,784306.0,168300832.0,218702471.0
ACP.WA,14318756864.0,Technology,Software - Application,PLN,WSE,ASSECOPOL,EQUITY,347779.0,270216.0,63793942.0,80510294.0
ALE.WA,28066127872.0,Consumer Cyclical,Internet Retail,PLN,WSE,ALLEGRO,EQUITY,4673197.0,5642972.0,795578477.0,1013217622.0
ATC.WA,544601984.0,Basic Materials,Paper & Paper Products,PLN,WSE,ARCTIC,EQUITY,31386.0,15376.0,21948291.0,69287783.0
BFT.WA,12246865920.0,Consumer Cyclical,Leisure,PLN,WSE,BENEFIT,EQUITY,5368.0,5324.0,2669024.0,3301042.0
BHW.WA,15542822912.0,Financial Services,Banks - Regional,PLN,WSE,HANDLOWY,EQUITY,29216.0,26727.0,32511242.0,130392813.0
CCC.WA,9786140672.0,Consumer Cyclical,Apparel Retail,PLN,WSE,CCC,EQUITY,529606.0,365190.0,56545778.0,77025894.0
CDR.WA,24617949184.0,Communication Services,Electronic Gaming & Multimedia,PLN,WSE,CDPROJEKT,EQUITY,383847.0,275884.0,70186134.0,99910510.0
DNP.WA,33725761536.0,Consumer Defensive,Grocery Stores,PLN,WSE,DINOPL,EQUITY,3733935.0,7042410.0,,980400000.0
ING.WA,59169476608.0,Financial Services,Banks - Regional,PLN,WSE,INGBSK,EQUITY,26482.0,28420.0,130098699.0,130100000.0
KGH.WA,62640001024.0,Basic Materials,Copper,PLN,WSE,KGHM,EQUITY,1227181.0,803145.0,136410000.0,200000000.0
LPP.WA,43502063616.0,Consumer Cyclical,Apparel Manufacturing,PLN,WSE,LPP,EQUITY,4206.0,6192.0,1047446.0,1855890.0
PCO.WA,16180202496.0,Consumer Defensive,Discount Stores,PLN,WSE,PEPCO,EQUITY,1432617.0,1370276.0,150617868.0,567732886.0
PEO.WA,65040072704.0,Financial Services,Banks - Regional,PLN,WSE,PEKAO,EQUITY,683803.0,596515.0,209973402.0,262470034.0
PKN.WA,149273935872.0,Energy,Oil & Gas Integrated,PLN,WSE,PKNORLEN,EQUITY,2543409.0,2722662.0,581631967.0,1160942049.0
PZU.WA,58788646912.0,Financial Services,Insurance - Property & Casualty,PLN,WSE,PZU,EQUITY,1951650.0,1910160.0,568179402.0,863523000.0
TEN.WA,674145664.0,Communication Services,Electronic Gaming & Multimedia,PLN,WSE,TSGAMES,EQUITY,25680.0,30517.0,4218198.0,6359865.0
VIS.MC,2816863744.0,Consumer Cyclical,Packaging & Containers,EUR,MCE,"VISCOFAN, S.A.",EQUITY,92121.0,104630.0,36828294.0,45321463.0
ADDV-B.ST,1048497280.0,Healthcare,Medical Instruments & Supplies,SEK,STO,ADDvise Group AB B,EQUITY,2843869.0,170187.0,478981448.0,583209491.0
ANOD-B.ST,8607768576.0,Technology,Information Technology Services,SEK,STO,Addnode Group AB ser. B,EQUITY,223177.0,183713.0,124851957.0,131606716.0
BEIJ-B.ST,71422984192.0,Industrials,Industrial Distribution,SEK,STO,Beijer Ref AB ser. B,EQUITY,964499.0,831711.0,400749371.0,478955126.0
CINT.ST,1327611648.0,Technology,Software - Application,SEK,STO,Cint Group AB,EQUITY,3109965.0,2173282.0,298169512.0,354976383.0
EMBRAC-B.ST,16646393856.0,Communication Services,Electronic Gaming & Multimedia,SEK,STO,Embracer Group AB ser. B,EQUITY,990685.0,629382.0,104588160.0,214191466.0
HPOL-B.ST,26538858496.0,Basic Materials,Specialty Chemicals,SEK,STO,HEXPOL AB ser. B,EQUITY,703497.0,640745.0,258286302.0,329671226.0
HTRO.ST,7213754368.0,Technology,Communication Equipment,SEK,STO,Hexatronic Group AB,EQUITY,1556262.0,1490438.0,167104924.0,205637228.0
MCOV-B.ST,29259636736.0,Healthcare,Medical Care Facilities,SEK,STO,Medicover AB ser. B,EQUITY,88039.0,111858.0,52418232.0,74428717.0
MIPS.ST,6675762688.0,Consumer Cyclical,Leisure,SEK,STO,Mips AB,EQUITY,127139.0,101997.0,26485029.0,26491122.0
MTRS.ST,35020574720.0,Industrials,Pollution & Treatment Controls,SEK,STO,Munters Group AB,EQUITY,525880.0,562547.0,182209215.0,182541440.0
NMAN.ST,5058062848.0,Industrials,Specialty Industrial Machinery,SEK,STO,Nederman Holding AB,EQUITY,33815.0,15949.0,24189978.0,35028134.0
SUS.ST,1614470016.0,Healthcare,Health Information Services,SEK,STO,Surgical Science Sweden AB,EQUITY,392267.0,182172.0,43092167.0,51026236.0
TROAX.ST,6307698176.0,Industrials,Metal Fabrication,SEK,STO,Troax Group AB,EQUITY,110075.0,84531.0,38137635.0,59845332.0
VIT-B.ST,9150725120.0,Technology,Software - Application,SEK,STO,Vitec Software Group AB ser. B,EQUITY,151206.0,152232.0,37598523.0,37089259.0
3IN.L,3209777920.0,Financial Services,Asset Management,GBp,LSE,3I INFRASTRUCTURE PLC ORD NPV,EQUITY,1305315.0,1511172.0,,922350000.0
AAS.L,561495872.0,,,GBp,LSE,ABERDEEN ASIA FOCUS PLC ORD 5P,EQUITY,285519.0,168993.0,,139675588.0
ABDN.L,3590815488.0,Financial Services,Asset Management,GBp,LSE,ABERDEEN GROUP PLC ORD 13 61/63,EQUITY,4575024.0,4564665.0,1750374192.0,1789145710.0
AEP.L,713972672.0,Consumer Defensive,Farm Products,GBp,LSE,AEP PLANTATIONS PLC ORD 25P,EQUITY,45663.0,76632.0,17390512.0,38468178.0
AGT.L,1016581824.0,,,GBp,LSE,AVI GLOBAL TRUST PLC ORD 2P,EQUITY,858915.0,1092859.0,,402606671.0
AIE.L,402129792.0,,,GBp,LSE,ASHOKA INDIA EQUITY INVESTMENT ,EQUITY,756633.0,604603.0,,169317811.0
AJB.L,2059811840.0,Financial Services,Asset Management,GBp,LSE,AJ BELL PLC ORD GBP0.000125,EQUITY,1455507.0,1369866.0,322234740.0,395717664.0
ALFA.L,440609664.0,Technology,Software - Application,GBp,LSE,ALFA FINANCIAL SOFTWARE HOLDING,EQUITY,697737.0,655769.0,130042961.0,296108644.0
AML.L,426079968.0,Consumer Cyclical,Auto Manufacturers,GBp,LSE,ASTON MARTIN LAGONDA GLOBAL HOL,EQUITY,2340931.0,2590235.0,346616730.0,1012066502.0
AO.L,527818464.0,Consumer Cyclical,Specialty Retail,GBp,LSE,AO WORLD PLC ORD 0.25P,EQUITY,473465.0,478135.0,148804800.0,555598374.0
APN.L,560000000.0,Consumer Defensive,Packaged Foods,GBp,LSE,APPLIED NUTRITION PLC ORD GBP0.,EQUITY,362341.0,311147.0,111067500.0,250000000.0
ASHM.L,1425104768.0,Financial Services,Asset Management,GBp,LSE,ASHMORE GROUP PLC ORD 0.01P,EQUITY,2390934.0,1584579.0,354000147.0,650149952.0
ASL.L,1190755072.0,,,GBp,LSE,ABERFORTH SMALLER COMPANIES TRU,EQUITY,154617.0,210566.0,,78649605.0
ATR.L,553664768.0,,,GBp,LSE,SCHRODER ASIAN TOTAL RETURN INV,EQUITY,155237.0,151912.0,,93524454.0
ATT.L,1968272512.0,,,GBp,LSE,ALLIANZ TECHNOLOGY TRUST PLC OR,EQUITY,1222369.0,1276790.0,,346526859.0
ATYM.L,1220846848.0,Basic Materials,Copper,GBp,LSE,"ATALAYA MINING COPPER, S.A. ORD",EQUITY,810313.0,728824.0,110801296.0,153759043.0
AVON.L,513335008.0,Industrials,Aerospace & Defense,GBp,LSE,AVON TECHNOLOGIES PLC ORD #1,EQUITY,62268.0,54973.0,24082704.0,29313384.0
BAG.L,716007040.0,Consumer Defensive,Beverages - Non-Alcoholic,GBp,LSE,BARR (A.G.) PLC ORD 4 1/6P,EQUITY,209273.0,286895.0,88269366.0,110922858.0
BBY.L,3976432128.0,Industrials,Engineering & Construction,GBp,LSE,BALFOUR BEATTY PLC ORD 50P,EQUITY,1452565.0,1641666.0,473722769.0,482729722.0
BCG.L,890247552.0,Communication Services,Internet Content & Information,GBp,LSE,BALTIC CLASSIFIEDS GROUP PLC OR,EQUITY,2059789.0,2125717.0,405643045.0,451058438.0
BGFD.L,624354496.0,,,GBp,LSE,BAILLIE GIFFORD JAPAN TRUST PLC,EQUITY,353659.0,412817.0,,71436440.0
BHMG.L,1354341888.0,Financial Services,Asset Management,GBp,LSE,BH MACRO LIMITED ORD NPV (GBP),EQUITY,837640.0,639135.0,,305382778.0
BME.L,1753791872.0,Consumer Defensive,Discount Stores,GBp,LSE,B&M EUROPEAN VALUE RETAIL S.A. ,EQUITY,8833920.0,7810290.0,1004244276.0,1005038256.0
BNKR.L,1292343168.0,Financial Services,Asset Management,GBp,LSE,BANKERS INVESTMENT TRUST PLC OR,EQUITY,2040820.0,3421439.0,,948856958.0
BOWL.L,440875456.0,Consumer Cyclical,Leisure,GBp,LSE,HOLLYWOOD BOWL GROUP PLC ORD 1P,EQUITY,953908.0,702340.0,161095515.0,167633242.0
BOY.L,1184456576.0,Industrials,Specialty Industrial Machinery,GBp,LSE,BODYCOTE PLC ORD 17 3/11P,EQUITY,346946.0,391992.0,170251707.0,171252364.0
BPCR.L,1061474112.0,,,USD,LSE,BIOPHARMA CREDIT PLC ORD USD0.0,EQUITY,1417055.0,1539709.0,,1129227778.0
BPT.L,2104478592.0,Financial Services,Asset Management,GBp,LSE,BRIDGEPOINT GROUP PLC ORD GBP0.,EQUITY,2999947.0,1550692.0,286066763.0,875407092.0
BREE.L,1106591104.0,Basic Materials,Building Materials,GBp,LSE,BREEDON GROUP PLC ORD GBP0.01,EQUITY,1552022.0,1337735.0,256241380.0,346676387.0
BRGE.L,515155872.0,,,GBp,LSE,BLACKROCK GREATER EUROPE INVEST,EQUITY,241880.0,378671.0,,91828141.0
BRSC.L,506418720.0,,,GBp,LSE,BLACKROCK SMALLER CO TRUST PLC ,EQUITY,118736.0,101532.0,,39812792.0
BRWM.L,1850348160.0,,,GBp,LSE,BLACKROCK WORLD MINING TRUST PL,EQUITY,733632.0,515656.0,,186527036.0
BSIF.L,503268064.0,Financial Services,Asset Management,GBp,LSE,BLUEFIELD SOLAR INCOME FUND LIM,EQUITY,1665865.0,1204212.0,,592080033.0
BUT.L,625677376.0,,,GBp,LSE,BRUNNER INVESTMENT TRUST PLC OR,EQUITY,54115.0,75577.0,,43150164.0
BWY.L,2298349312.0,Consumer Cyclical,Residential Construction,GBp,LSE,BELLWAY PLC ORD 12.5P,EQUITY,657327.0,1076851.0,115994215.0,115902640.0
BYG.L,1747759872.0,Real Estate,REIT - Industrial,GBp,LSE,BIG YELLOW GROUP PLC ORD 10P,EQUITY,659903.0,950580.0,185956920.0,195937211.0
BYIT.L,671291072.0,Technology,Software - Infrastructure,GBp,LSE,BYTES TECHNOLOGY GROUP PLC ORD ,EQUITY,1068952.0,785120.0,219205350.0,236370093.0
CBG.L,622360768.0,Financial Services,Banks - Regional,GBp,LSE,CLOSE BROTHERS GROUP PLC ORD 25,EQUITY,617122.0,1285612.0,146341712.0,150546863.0
CCC.L,3238714368.0,Technology,Information Technology Services,GBp,LSE,COMPUTACENTER PLC ORD 7 5/9P,EQUITY,192863.0,175414.0,64434258.0,104948626.0
CCL.L,28562286592.0,Consumer Cyclical,Travel Services,GBp,LSE,CARNIVAL PLC ORD USD 1.66,EQUITY,1086048.0,1232416.0,1286102098.0,146139365.0
CCR.L,453050784.0,Consumer Defensive,Beverages - Brewers,GBp,LSE,C&C GROUP PLC ORD EUR0.01 (CDI),EQUITY,583932.0,603118.0,373123422.0,368333957.0
CGT.L,792355712.0,,,GBp,LSE,CAPITAL GEARING TRUST PLC ORD 2,EQUITY,33505.0,33598.0,,15690213.0
CHG.L,1468589568.0,Industrials,Aerospace & Defense,GBp,LSE,CHEMRING GROUP PLC ORD 1P,EQUITY,1048253.0,823667.0,249165985.0,268972456.0
CHRY.L,408342048.0,Financial Services,Asset Management,GBp,LSE,CHRYSALIS INVESTMENTS LIMITED O,EQUITY,1769836.0,1656750.0,,482573805.0
CKN.L,1460948608.0,Industrials,Marine Shipping,GBp,LSE,CLARKSON PLC ORD 25P,EQUITY,116143.0,99816.0,24340123.0,30705099.0
CLDN.L,1754218368.0,,,GBp,LSE,CALEDONIA INVESTMENTS PLC ORD 0,EQUITY,498966.0,657223.0,,517369423.0
CMCX.L,1045359872.0,Financial Services,Capital Markets,GBp,LSE,CMC MARKETS PLC ORD 25P,EQUITY,300738.0,442667.0,83966646.0,272487806.0
COA.L,1607236864.0,Consumer Cyclical,Textile Manufacturing,GBp,LSE,COATS GROUP PLC ORD 5P,EQUITY,3924071.0,5206074.0,1900635967.0,1914361942.0
COST.L,530739104.0,Industrials,Engineering & Construction,GBp,LSE,COSTAIN GROUP PLC ORD 1P,EQUITY,1632565.0,2080358.0,233751601.0,265769213.0
CSN.L,673300416.0,Financial Services,Insurance - Life,GBp,LSE,CHESNARA PLC ORD 5P,EQUITY,670491.0,1029084.0,226003814.0,230582330.0
CTY.L,2897664000.0,,,GBp,LSE,CITY OF LONDON INVESTMENT TRUST,EQUITY,1026960.0,1205365.0,,508362106.0
CURY.L,1412950912.0,Consumer Cyclical,Specialty Retail,GBp,LSE,CURRYS PLC ORD 0.1P,EQUITY,4435491.0,3034913.0,893546520.0,1038129445.0
CVSG.L,824341440.0,Healthcare,Medical Care Facilities,GBp,LSE,CVS GROUP PLC ORD 0.2P,EQUITY,516000.0,337542.0,70074959.0,70156719.0
CWK.L,2890093568.0,Consumer Defensive,Packaged Foods,GBp,LSE,CRANSWICK PLC ORD 10P,EQUITY,136416.0,136759.0,51035890.0,53520258.0
CWR.L,598062912.0,Industrials,Electrical Equipment & Parts,GBp,LSE,CERES POWER HOLDINGS PLC ORD 10,EQUITY,2290514.0,4129307.0,100919154.0,194808774.0
DLN.L,1848410624.0,Real Estate,REIT - Office,GBp,LSE,DERWENT LONDON PLC ORD 5P,EQUITY,413890.0,381773.0,101526808.0,112297122.0
DNLM.L,1694049280.0,Consumer Cyclical,Specialty Retail,GBp,LSE,DUNELM GROUP PLC ORD 1P,EQUITY,642453.0,409990.0,163065205.0,201313039.0
DOCS.L,630312896.0,Consumer Cyclical,Footwear & Accessories,GBp,LSE,DR. MARTENS PLC ORD GBP0.01,EQUITY,1605252.0,838054.0,519898086.0,966737603.0
DOM.L,686465216.0,Consumer Cyclical,Restaurants,GBp,LSE,DOMINO'S PIZZA GROUP PLC ORD  2,EQUITY,1745715.0,1215910.0,346594390.0,381157777.0
DRX.L,2975930368.0,Utilities,Utilities - Renewable,GBp,LSE,DRAX GROUP PLC ORD 11 16/29P,EQUITY,1144658.0,818359.0,334152606.0,336191490.0
DSCV.L,561360256.0,Technology,Electronic Components,GBp,LSE,DISCOVERIE GROUP PLC ORD 5P,EQUITY,261471.0,411882.0,92180187.0,97121154.0
EDIN.L,1059806848.0,,,GBp,LSE,EDINBURGH INVESTMENT TRUST PLC ,EQUITY,405522.0,487050.0,,131528025.0
ELM.L,917686464.0,Basic Materials,Specialty Chemicals,GBp,LSE,ELEMENTIS PLC ORD 5P,EQUITY,1326978.0,1866732.0,564790937.0,569284408.0
EMG.L,2786412800.0,Financial Services,Asset Management,GBp,LSE,MAN GROUP PLC ORD USD0.03428571,EQUITY,3718066.0,3244648.0,1078138434.0,1119041332.0
ENOG.L,1595945984.0,Energy,Oil & Gas E&P,GBp,LSE,ENERGEAN PLC ORD 1P,EQUITY,351806.0,342750.0,147311384.0,184715959.0
ESCT.L,753996032.0,,,GBp,LSE,THE EUROPEAN SMALLER COMPANIES ,EQUITY,1186614.0,717256.0,,347463609.0
EWG.L,800446976.0,Technology,Software - Infrastructure,GBp,LSE,W.A.G PAYMENT SOLUTIONS PLC ORD,EQUITY,421440.0,222797.0,167823810.0,692428147.0
EWI.L,786886720.0,,,GBp,LSE,EDINBURGH WORLDWIDE INVESTMENT ,EQUITY,1117105.0,2528268.0,,345884292.0
EZJ.L,2899547648.0,Industrials,Airlines,GBp,LSE,EASYJET PLC ORD 27 2/7P,EQUITY,6166670.0,5960929.0,606438090.0,747526182.0
FAN.L,1247622144.0,Industrials,Building Products & Equipment,GBp,LSE,VOLUTION GROUP PLC ORD GBP0.01,EQUITY,584694.0,588335.0,197063043.0,198035249.0
FCH.L,406093792.0,Financial Services,Credit Services,GBp,LSE,FUNDING CIRCLE HOLDINGS PLC ORD,EQUITY,1408735.0,1154782.0,140182581.0,287195039.0
FCSS.L,1336978944.0,,,GBp,LSE,FIDELITY CHINA SPECIAL SITUATIO,EQUITY,893872.0,644224.0,,461027215.0
FEML.L,523388544.0,Financial Services,Asset Management,GBp,LSE,FIDELITY EMERGING MARKETS LIMIT,EQUITY,211184.0,118448.0,,41737524.0
FEV.L,2046482176.0,,,GBp,LSE,FIDELITY EUROPEAN TRUST PLC ORD,EQUITY,748354.0,948495.0,,507182678.0
FGEN.L,448902240.0,Financial Services,Asset Management,GBp,LSE,FORESIGHT ENVIRONMENTAL INFRAST,EQUITY,1947470.0,3042846.0,619740718.0,623338335.0
FGP.L,946674560.0,Industrials,Railroads,GBp,LSE,FIRSTGROUP PLC ORD 5P,EQUITY,1042546.0,1034790.0,487016404.0,543129407.0
FGT.L,802175488.0,,,GBp,LSE,FINSBURY GROWTH & INCOME TRUST ,EQUITY,738134.0,827689.0,,109586815.0
FOUR.L,1023104384.0,Communication Services,Advertising Agencies,GBp,LSE,4IMPRINT GROUP PLC ORD 38 6/13P,EQUITY,85088.0,46772.0,27613865.0,28082714.0
FRAS.L,2899552256.0,Consumer Cyclical,Specialty Retail,GBp,LSE,FRASERS GROUP PLC ORD 10P,EQUITY,180638.0,191550.0,98318204.0,431103205.0
FSG.L,431654048.0,Financial Services,Asset Management,GBp,LSE,FORESIGHT GROUP HOLDINGS LIMITE,EQUITY,346928.0,535812.0,74071863.0,112609968.0
FSV.L,1376861184.0,,,GBp,LSE,FIDELITY SPECIAL VALUES PLC ORD,EQUITY,823840.0,918411.0,,324348920.0
GAMA.L,752076800.0,Communication Services,Telecom Services,GBp,LSE,GAMMA COMMUNICATIONS PLC ORD 0.,EQUITY,684095.0,964039.0,91545928.0,90986789.0
GBG.L,436567936.0,Technology,Software - Application,GBp,LSE,GB GROUP PLC ORD 2.5P,EQUITY,1717410.0,1279249.0,246675013.0,232662111.0
GCP.L,622241344.0,Financial Services,Asset Management,GBp,LSE,GCP INFRASTRUCTURE INVESTMENTS ,EQUITY,2082762.0,1978323.0,,825253731.0
GDWN.L,972312768.0,Industrials,Specialty Industrial Machinery,GBp,LSE,GOODWIN PLC ORD 10P,EQUITY,15556.0,22894.0,2995655.0,7631968.0
GEN.L,758696768.0,Industrials,Building Products & Equipment,GBp,LSE,GENUIT GROUP PLC ORD GBP0.001,EQUITY,1079970.0,1695061.0,247211411.0,251224094.0
GFRD.L,510875680.0,Industrials,Engineering & Construction,GBp,LSE,GALLIFORD TRY HOLDINGS PLC ORD ,EQUITY,291816.0,247540.0,95158442.0,98240074.0
GFTU.L,1773474176.0,Industrials,Industrial Distribution,GBp,LSE,GRAFTON GROUP PLC UT (1 ORD) (C,EQUITY,519783.0,440439.0,157287312.0,193146816.0
GNC.L,2002581120.0,Consumer Defensive,Packaged Foods,GBp,LSE,GREENCORE GROUP PLC ORD 1P (CDI,EQUITY,3050947.0,3728124.0,317065123.0,792787426.0
GNS.L,1710804864.0,Healthcare,Biotechnology,GBp,LSE,GENUS PLC ORD 10P,EQUITY,186171.0,163389.0,65074547.0,66413228.0
GPE.L,1241695104.0,Real Estate,REIT - Office,GBp,LSE,GREAT PORTLAND ESTATES PLC ORD ,EQUITY,1348919.0,1274574.0,351603856.0,403409734.0
GRG.L,1643168128.0,Consumer Cyclical,Restaurants,GBp,LSE,GREGGS PLC ORD 2P,EQUITY,507105.0,340591.0,100486503.0,101838742.0
GRI.L,1265618432.0,Real Estate,Real Estate Services,GBp,LSE,GRAINGER PLC ORD 5P,EQUITY,2663969.0,2028447.0,665078055.0,739263108.0
GROW.L,833845888.0,,,GBp,LSE,MOLTEN VENTURES PLC ORD GBP0.01,EQUITY,889606.0,453078.0,,172362185.0
GSCT.L,777710976.0,,,GBp,LSE,THE GLOBAL SMALLER COMPANIES TR,EQUITY,605313.0,636563.0,,419477357.0
HAS.L,483818592.0,Industrials,Staffing & Employment Services,GBp,LSE,HAYS PLC ORD 1P,EQUITY,5007827.0,6061776.0,1472543874.0,1598871698.0
HBR.L,4355178496.0,Energy,Oil & Gas E&P,GBp,LSE,HARBOUR ENERGY PLC ORD 0.002P,EQUITY,7778362.0,9485500.0,555399894.0,1568868309.0
HFEL.L,516055456.0,Financial Services,Asset Management,GBp,LSE,HENDERSON FAR EAST INCOME LIMIT,EQUITY,1169408.0,1592425.0,,202374679.0
HFG.L,476765280.0,Consumer Defensive,Packaged Foods,GBp,LSE,HILTON FOOD GROUP PLC ORD 10P,EQUITY,272218.0,273939.0,79247749.0,89955713.0
HGT.L,1674131968.0,,,GBp,LSE,HG CAPITAL TRUST PLC ORD 2.5P,EQUITY,2020809.0,1214608.0,,453694303.0
HICL.L,2314097408.0,,,GBp,LSE,HICL INFRASTRUCTURE PLC ORD 0.0,EQUITY,5413153.0,5572742.0,,1889102480.0
HIK.L,2860092928.0,Healthcare,Drug Manufacturers - Specialty & Generic,GBp,LSE,HIKMA PHARMACEUTICALS PLC ORD S,EQUITY,1384682.0,1318314.0,151702088.0,216112791.0
HILS.L,1826617600.0,Industrials,Engineering & Construction,GBp,LSE,HILL & SMITH PLC ORD 25P,EQUITY,188968.0,136210.0,79128742.0,78719334.0
HMSO.L,1674916480.0,Real Estate,REIT - Retail,GBp,LSE,HAMMERSON PLC ORD 5P,EQUITY,1068325.0,990657.0,522993073.0,530036856.0
HOC.L,3354269184.0,Basic Materials,Other Precious Metals & Mining,GBp,LSE,HOCHSCHILD MINING PLC ORD 1P,EQUITY,2329434.0,1757680.0,314776536.0,514458432.0
HRI.L,1251499008.0,,,GBp,LSE,HERALD INVESTMENT TRUST PLC ORD,EQUITY,124739.0,116658.0,,47858467.0
HSL.L,484685088.0,,,GBp,LSE,HENDERSON SMALLER COMPANIES INV,EQUITY,178081.0,163751.0,,56954769.0
HTG.L,717742656.0,Energy,Oil & Gas Equipment & Services,GBp,LSE,HUNTING PLC ORD 25P,EQUITY,633653.0,475665.0,105364325.0,146577909.0
HTWS.L,2027430016.0,Communication Services,Telecom Services,GBp,LSE,HELIOS TOWERS PLC ORD 1P,EQUITY,2156886.0,2762347.0,921575982.0,1024278562.0
HVPE.L,2162030336.0,Financial Services,Asset Management,GBp,LSE,HARBOURVEST GLOBAL PRIVATE EQUI,EQUITY,154016.0,110404.0,,70856237.0
HWG.L,478095392.0,Real Estate,Real Estate - Development,GBp,LSE,HARWORTH GROUP PLC ORD 10P,EQUITY,266827.0,219218.0,141062948.0,324793102.0
IAD.L,868512896.0,,,GBp,LSE,INVESCO ASIA DRAGON TRUST PLC O,EQUITY,376179.0,445863.0,,201745151.0
IBST.L,429644544.0,Basic Materials,Building Materials,GBp,LSE,IBSTOCK PLC ORD 1P,EQUITY,1564507.0,1122170.0,348505164.0,394893894.0
ICGT.L,827320064.0,,,GBp,LSE,ICG ENTERPRISE TRUST PLC ORD 10,EQUITY,84711.0,90118.0,,61465086.0
IEM.L,840662720.0,,,GBp,LSE,IMPAX ENVIRONMENTAL MARKETS PLC,EQUITY,1022376.0,842672.0,,190410579.0
IHP.L,1056405504.0,Financial Services,Asset Management,GBp,LSE,INTEGRAFIN HOLDINGS PLC ORD 1P,EQUITY,734154.0,753147.0,282654123.0,330375169.0
INCH.L,2817865472.0,Consumer Cyclical,Auto & Truck Dealerships,GBp,LSE,INCHCAPE PLC ORD 10P,EQUITY,864324.0,1020746.0,302583174.0,354995643.0
INPP.L,2311615232.0,Financial Services,Asset Management,GBp,LSE,INTERNATIONAL PUBLIC PARTNERSHI,EQUITY,4585015.0,5004091.0,,1797123283.0
INVP.L,3999423232.0,Financial Services,Capital Markets,GBp,LSE,INVESTEC PLC ORD GBP0.0002,EQUITY,1916698.0,2201267.0,775244411.0,631800105.0
IPF.L,540034560.0,Financial Services,Credit Services,GBp,LSE,INTERNATIONAL PERSONAL FINANCE ,EQUITY,3265092.0,3491082.0,184912673.0,219526234.0
IPO.L,483234944.0,Financial Services,Asset Management,GBp,LSE,IP GROUP PLC ORD 2P,EQUITY,3652068.0,2119331.0,872252282.0,883427642.0
ITH.L,4093488128.0,Energy,Oil & Gas E&P,GBp,LSE,ITHACA ENERGY PLC ORD 1P,EQUITY,2482209.0,2809623.0,210038843.0,1650599943.0
ITV.L,2876030976.0,Communication Services,Broadcasting,GBp,LSE,ITV PLC ORD 10P,EQUITY,11708372.0,9162326.0,3655065212.0,3739962358.0
IWG.L,1766216960.0,Real Estate,Real Estate Services,GBp,LSE,INTERNATIONAL WORKPLACE GROUP P,EQUITY,3014976.0,2977132.0,633051464.0,959379043.0
JAM.L,1864343552.0,,,GBp,LSE,JPMORGAN AMERICAN INVESTMENT TR,EQUITY,338144.0,305731.0,,166757018.0
JDW.L,663001536.0,Consumer Cyclical,Restaurants,GBp,LSE,WETHERSPOON ( J.D.) PLC ORD 2P,EQUITY,344561.0,337244.0,61722970.0,105405650.0
JEDT.L,570434688.0,,,GBp,LSE,JPMORGAN EUROPEAN DISCOVERY TRU,EQUITY,159463.0,258061.0,,92303345.0
JEGI.L,608207296.0,,,GBp,LSE,JPMORGAN EUROPEAN GROWTH & INCO,EQUITY,1419435.0,1282876.0,,422366188.0
JEMI.L,486308160.0,,,GBp,LSE,JPMORGAN EMERGING MARKETS DIVID,EQUITY,774343.0,794038.0,,262869285.0
JFJ.L,1164816512.0,Financial Services,Asset Management,GBp,LSE,JPMORGAN JAPANESE INVESTMENT TR,EQUITY,360179.0,496581.0,,156351203.0
JGGI.L,3113456384.0,,,GBp,LSE,JPMORGAN GLOBAL GROWTH & INCOME,EQUITY,1474066.0,1750355.0,,546220407.0
JII.L,459375936.0,,,GBp,LSE,"""JPMorgan Indian Investment Tru",MUTUALFUND,,51800.0,,45322880.0
JMAT.L,3404496640.0,Basic Materials,Specialty Chemicals,GBp,LSE,JOHNSON MATTHEY PLC ORD 110 49/,EQUITY,523209.0,542381.0,163700376.0,167544129.0
JMG.L,143335489536.0,,,GBP,LSE,"""JPMorgan Emerging Markets Inv ",MUTUALFUND,1528864.0,1833645.0,,975227846.0
JSG.L,509277152.0,Industrials,Specialty Business Services,GBp,LSE,JOHNSON SERVICE GROUP PLC ORD 1,EQUITY,1105546.0,937708.0,337501833.0,379491179.0
JTC.L,2234159104.0,Financial Services,Asset Management,GBp,LSE,JTC PLC ORD GBP0.01,EQUITY,1109693.0,931967.0,140823616.0,170286504.0
JUP.L,791119808.0,Financial Services,Asset Management,GBp,LSE,JUPITER FUND MANAGEMENT PLC ORD,EQUITY,1712738.0,1683946.0,406006259.0,501979510.0
KIE.L,914626816.0,Industrials,Engineering & Construction,GBp,LSE,KIER GROUP PLC ORD 1P,EQUITY,1366858.0,1773423.0,409476122.0,437620469.0
KLR.L,1488687232.0,Industrials,Engineering & Construction,GBp,LSE,KELLER GROUP PLC ORD 10P,EQUITY,188075.0,219115.0,67295294.0,69252564.0
KNOS.L,881387200.0,Technology,Software - Application,GBp,LSE,KAINOS GROUP PLC ORD 0.5P,EQUITY,500164.0,475109.0,79057797.0,116930494.0
LRE.L,1460209536.0,Financial Services,Insurance - Specialty,GBp,LSE,LANCASHIRE HOLDINGS LIMITED COM,EQUITY,813059.0,762193.0,199670311.0,242559721.0
LWDB.L,1499569536.0,,,GBp,LSE,LAW DEBENTURE CORPORATION PLC O,EQUITY,220100.0,237191.0,,133114987.0
MAB.L,1587737600.0,Consumer Cyclical,Restaurants,GBp,LSE,MITCHELLS & BUTLERS PLC ORD 8 1,EQUITY,674266.0,568771.0,245203376.0,593546766.0
MEGP.L,545373888.0,Industrials,Business Equipment & Supplies,GBp,LSE,ME GROUP INTERNATIONAL PLC ORD ,EQUITY,1153201.0,843820.0,228764361.0,376492294.0
MGAM.L,590145600.0,Industrials,Specialty Industrial Machinery,GBp,LSE,MORGAN ADVANCED MATERIALS PLC O,EQUITY,1046743.0,1091802.0,253957772.0,276414792.0
MGNS.L,2104703872.0,Industrials,Engineering & Construction,GBp,LSE,MORGAN SINDALL GROUP PLC ORD 5P,EQUITY,118608.0,85234.0,39719369.0,47000981.0
MNKS.L,2357517312.0,,,GBp,LSE,MONKS INVESTMENT TRUST PLC ORD ,EQUITY,453169.0,457842.0,,158648530.0
MNTN.L,1927139456.0,Financial Services,Asset Management,USD,LSE,THE SCHIEHALLION FUND LIMITED O,EQUITY,1892718.0,1062159.0,,1014283907.0
MONY.L,844894528.0,Communication Services,Internet Content & Information,GBp,LSE,MONY GROUP PLC ORD 0.02P,EQUITY,2340923.0,2141278.0,516537942.0,521539835.0
MOON.L,669418624.0,Consumer Cyclical,Specialty Retail,GBp,LSE,MOONPIG GROUP PLC ORD 10P,EQUITY,1002437.0,1083614.0,308764917.0,305982619.0
MRC.L,1687441024.0,,,GBp,LSE,MERCANTILE INVESTMENT TRUST (TH,EQUITY,2208824.0,2807018.0,,661741638.0
MRCH.L,913847424.0,,,GBp,LSE,MERCHANTS TRUST PLC ORD 25P,EQUITY,280560.0,331660.0,,147632870.0
MSLH.L,368458880.0,Basic Materials,Building Materials,GBp,LSE,MARSHALLS PLC ORD 25P,EQUITY,1482984.0,1638703.0,227043418.0,252888724.0
MTO.L,2299708416.0,Industrials,Specialty Business Services,GBp,LSE,MITIE GROUP PLC ORD 2.5P,EQUITY,4052012.0,3621662.0,1119795633.0,1259939335.0
MTRO.L,927896704.0,Financial Services,Banks - Regional,GBp,LSE,METRO BANK HOLDINGS PLC ORD 0.0,EQUITY,1000590.0,1281076.0,232073044.0,673364820.0
MUT.L,893342656.0,,,GBp,LSE,MURRAY INCOME TRUST PLC ORD 25P,EQUITY,232975.0,342806.0,,94333684.0
MYI.L,2083079296.0,,,GBp,LSE,MURRAY INTERNATIONAL TRUST PLC ,EQUITY,943251.0,1091936.0,,591783877.0
N91.L,1942549632.0,Financial Services,Asset Management,GBp,LSE,NINETY ONE PLC,EQUITY,781936.0,765152.0,530338010.0,635860057.0
NAS.L,451169728.0,,,GBp,LSE,NORTH ATLANTIC SMALLER COMPANIE,EQUITY,129079.0,109503.0,,129100000.0
NBPE.L,590831360.0,Financial Services,Asset Management,GBp,LSE,NB PRIVATE EQUITY PARTNERS LIMI,EQUITY,60690.0,71082.0,,42236657.0
NCC.L,325123168.0,Technology,Software - Infrastructure,GBp,LSE,NCC GROUP PLC ORD 1P,EQUITY,2182031.0,1300969.0,225449175.0,279414054.0
OCDO.L,1559508608.0,Consumer Defensive,Grocery Stores,GBp,LSE,OCADO GROUP PLC ORD 2P,EQUITY,2878762.0,3406073.0,394024190.0,831294550.0
OCI.L,830908736.0,Financial Services,Asset Management,GBp,LSE,OAKLEY CAPITAL INVESTMENTS LIMI,EQUITY,341204.0,490944.0,136579453.0,166181749.0
ONT.L,1049590656.0,Healthcare,Biotechnology,GBp,LSE,OXFORD NANOPORE TECHNOLOGIES PL,EQUITY,1807101.0,2006204.0,401332431.0,967364692.0
OSB.L,1918455808.0,Financial Services,Mortgage Finance,GBp,LSE,OSB GROUP PLC ORD 1P,EQUITY,1172842.0,1821600.0,351950447.0,351380734.0
OXB.L,684291456.0,Healthcare,Biotechnology,GBp,LSE,OXFORD BIOMEDICA PLC ORD 50P,EQUITY,364540.0,215435.0,60791871.0,120899550.0
OXIG.L,1462975744.0,Technology,Scientific & Technical Instruments,GBp,LSE,OXFORD INSTRUMENTS PLC ORD 5P,EQUITY,214837.0,194195.0,55851498.0,55335057.0
PAF.L,3201938944.0,Basic Materials,Gold,GBp,LSE,PAN AFRICAN RESOURCES PLC ORD 1,EQUITY,9959444.0,9645972.0,1898039352.0,2027313471.0
PAG.L,1444180352.0,Financial Services,Mortgage Finance,GBp,LSE,PARAGON BANKING GROUP PLC ORD 1,EQUITY,478902.0,378669.0,177389767.0,184795957.0
PAGE.L,427028288.0,Industrials,Staffing & Employment Services,GBp,LSE,PAGEGROUP PLC ORD 1P,EQUITY,1211628.0,1571415.0,289500711.0,313330589.0
PCGH.L,388517152.0,,,GBp,LSE,POLAR CAPITAL GLOBAL HEALTHCARE,EQUITY,352909.0,397169.0,,99365000.0
PETS.L,833369472.0,Consumer Cyclical,Specialty Retail,GBp,LSE,PETS AT HOME GROUP PLC ORD 1P,EQUITY,936080.0,1537442.0,421787550.0,442105778.0
PEY.L,583734848.0,Financial Services,Asset Management,EUR,LSE,PARTNERS GROUP PRIVATE EQUITY L,EQUITY,90156.0,199248.0,,67826143.0
PFD.L,1687146112.0,Consumer Defensive,Packaged Foods,GBp,LSE,PREMIER FOODS PLC ORD 10P,EQUITY,1862914.0,1623969.0,633839188.0,861668065.0
PHI.L,766313984.0,,,GBp,LSE,PACIFIC HORIZON INVESTMENT TRUS,EQUITY,168324.0,273208.0,,82046467.0
PHP.L,2467986944.0,Real Estate,REIT - Healthcare Facilities,GBp,LSE,PRIMARY HEALTH PROPERTIES PLC O,EQUITY,12130073.0,11415165.0,2211325985.0,2595149224.0
PIN.L,1570020096.0,,,GBp,LSE,PANTHEON INTERNATIONAL PLC ORD ,EQUITY,1015331.0,691254.0,,426531663.0
PINT.L,524860000.0,,,GBp,LSE,PANTHEON INFRASTRUCTURE PLC ORD,EQUITY,623382.0,592515.0,,468625000.0
PLUS.L,2929725696.0,Financial Services,Capital Markets,GBp,LSE,PLUS500 LTD ORD ILS0.01 (DI),EQUITY,223558.0,108385.0,67077321.0,69846354.0
PNL.L,1677155072.0,,,GBp,LSE,PERSONAL ASSETS TRUST PLC ORD G,EQUITY,573299.0,721554.0,,312319372.0
PNN.L,2680109056.0,Utilities,Utilities - Regulated Water,GBp,LSE,PENNON GROUP PLC ORD 61 1/20P,EQUITY,1516529.0,1266137.0,470524437.0,471850164.0
POLN.L,499075360.0,Financial Services,Asset Management,GBp,LSE,POLLEN STREET GROUP LIMITED ORD,EQUITY,123609.0,101705.0,40123585.0,59626690.0
PPET.L,848366208.0,,,GBp,LSE,PATRIA PRIVATE EQUITY TRUST PLC,EQUITY,112049.0,130694.0,,146766166.0
PPH.L,709883264.0,Consumer Cyclical,Lodging,GBp,LSE,PPHE HOTEL GROUP LIMITED ORD NP,EQUITY,26375.0,20767.0,18335163.0,41856324.0
PRN.L,923998400.0,Consumer Defensive,Packaged Foods,GBp,LSE,PRINCES GROUP PLC ORD GBP0.10,EQUITY,67487.0,60037.0,878220.0,244702956.0
PTEC.L,1076480640.0,Consumer Cyclical,Gambling,GBp,LSE,PLAYTECH PLC ORD NPV,EQUITY,1493590.0,1807475.0,211657005.0,282051310.0
QLT.L,2538349056.0,Financial Services,Asset Management,GBp,LSE,QUILTER PLC ORD 8 1/6P,EQUITY,3849126.0,5440301.0,1281403902.0,1377757943.0
QQ.L,2489068544.0,Industrials,Aerospace & Defense,GBp,LSE,QINETIQ GROUP PLC ORD 1P,EQUITY,1551671.0,2647292.0,437232015.0,521378045.0
RAT.L,2129443328.0,Financial Services,Asset Management,GBp,LSE,RATHBONES GROUP PLC ORD 5P,EQUITY,100691.0,103894.0,75038048.0,85638874.0
RCP.L,2929137664.0,,,GBp,LSE,"""RIT Capital Partners""",EQUITY,177235.0,247917.0,,136491545.0
RHIM.L,1252053760.0,Industrials,Metal Fabrication,GBp,LSE,RHI MAGNESITA N.V. ORD EUR1.00 ,EQUITY,25168.0,22401.0,16407575.0,47336625.0
RICA.L,914385408.0,Financial Services,Asset Management,GBp,LSE,RUFFER INVESTMENT COMPANY LTD R,EQUITY,771057.0,984588.0,,294963050.0
RNK.L,426270880.0,Consumer Cyclical,Gambling,GBp,LSE,RANK GROUP PLC ORD 13 8/9P,EQUITY,628901.0,801361.0,181452960.0,468429541.0
ROR.L,2746652160.0,Industrials,Specialty Industrial Machinery,GBp,LSE,ROTORK PLC ORD 0.5P,EQUITY,2627023.0,2987118.0,817469317.0,817233571.0
RPI.L,972345664.0,Technology,Electronic Components,GBp,LSE,RASPBERRY PI HOLDINGS PLC ORD 0,EQUITY,1114179.0,1677877.0,75133104.0,193501635.0
RS1.L,2785393408.0,Industrials,Industrial Distribution,GBp,LSE,RS GROUP PLC ORD 10P,EQUITY,1522373.0,2060792.0,453706716.0,468511050.0
RSW.L,2746466048.0,Technology,Scientific & Technical Instruments,GBp,LSE,RENISHAW PLC ORD 20P,EQUITY,123549.0,152249.0,33913428.0,72734797.0
RTW.L,683179648.0,Financial Services,Asset Management,USD,LSE,RTW BIOTECH OPPORTUNITIES LTD O,EQUITY,508589.0,724479.0,,325323649.0
SAFE.L,1506041856.0,Real Estate,REIT - Industrial,GBp,LSE,SAFESTORE HOLDINGS PLC ORD 1P,EQUITY,425154.0,398927.0,214859724.0,218425218.0
SAGA.L,793194752.0,Financial Services,Insurance - Diversified,GBp,LSE,SAGA PLC ORD 15P,EQUITY,779300.0,734786.0,80513820.0,143955485.0
SAIN.L,811022080.0,,,GBp,LSE,SCOTTISH AMERICAN INVESTMENT CO,EQUITY,376653.0,471385.0,,159336374.0
SCT.L,2359456000.0,Technology,Electronics & Computer Distribution,GBp,LSE,SOFTCAT PLC,EQUITY,774387.0,399788.0,131258510.0,196294179.0
SDP.L,902570368.0,,,GBp,LSE,SCHRODER ASIAPACIFIC FUND PLC O,EQUITY,228955.0,212393.0,,127842834.0
SEIT.L,455876192.0,,,GBp,LSE,SDCL EFFICIENCY INCOME TRUST PL,EQUITY,3672827.0,5095739.0,,1085419558.0
SEQI.L,1149984384.0,Financial Services,Asset Management,GBp,LSE,SEQUOIA ECONOMIC INFRASTRUCTURE,EQUITY,3406128.0,5023445.0,,1477350936.0
SHAW.L,1865677184.0,Financial Services,Banks - Regional,GBp,LSE,SHAWBROOK GROUP PLC ORD GBP0.00,EQUITY,692440.0,470379.0,118800510.0,519687271.0
SHC.L,2493894912.0,Real Estate,REIT - Retail,GBp,LSE,SHAFTESBURY CAPITAL PLC ORD 25P,EQUITY,4831934.0,3087529.0,1331156562.0,1823022466.0
SMWH.L,758768000.0,Consumer Cyclical,Specialty Retail,GBp,LSE,WH SMITH PLC ORD 22 6/67P,EQUITY,520950.0,897964.0,122078729.0,124694826.0
SNR.L,1190591872.0,Industrials,Aerospace & Defense,GBp,LSE,SENIOR PLC ORD 10P,EQUITY,3712269.0,11514337.0,320776089.0,412086135.0
SOI.L,861109376.0,,,GBp,LSE,SCHRODER ORIENTAL INCOME FUND L,EQUITY,425973.0,452359.0,,224832740.0
SPI.L,610511040.0,Healthcare,Medical Care Facilities,GBp,LSE,SPIRE HEALTHCARE GROUP PLC ORD ,EQUITY,1657068.0,1113219.0,176511394.0,400597780.0
SRE.L,1573480320.0,Real Estate,Real Estate Services,GBp,LSE,SIRIUS REAL ESTATE LD ORD NPV,EQUITY,4280914.0,3155258.0,1475372568.0,1581387298.0
SRP.L,2952403968.0,Industrials,Specialty Business Services,GBp,LSE,SERCO GROUP PLC ORD 2P,EQUITY,3005260.0,3484103.0,979405081.0,994075404.0
SSPG.L,1484614912.0,Consumer Cyclical,Restaurants,GBp,LSE,SSP GROUP PLC ORD 1 17/200P,EQUITY,3824224.0,2718212.0,777321429.0,779224434.0
SUPR.L,1027524224.0,Real Estate,REIT - Retail,GBp,LSE,SUPERMARKET INCOME REIT PLC ORD,EQUITY,4245476.0,5732735.0,1229664204.0,1246239185.0
SVS.L,1124912640.0,Real Estate,Real Estate Services,GBp,LSE,SAVILLS PLC ORD 2.5P,EQUITY,502099.0,711745.0,128277890.0,137351973.0
SYNC.L,528519744.0,Financial Services,Asset Management,GBp,LSE,SYNCONA LIMITED ORD NPV,EQUITY,449090.0,499287.0,,608193024.0
TATE.L,1586972544.0,Consumer Defensive,Packaged Foods,GBp,LSE,TATE & LYLE PLC ORD 29 1/6P,EQUITY,1835516.0,1168720.0,352212228.0,441684581.0
TBCG.L,2597641984.0,Financial Services,Banks - Regional,GBp,LSE,TBC BANK GROUP PLC ORD GBP0.01,EQUITY,115544.0,112246.0,43995319.0,55081469.0
TCAP.L,2156937216.0,Financial Services,Capital Markets,GBp,LSE,TP ICAP GROUP PLC ORD 25P,EQUITY,3332259.0,5208478.0,731283545.0,740937719.0
TEM.L,2531421696.0,,,GBp,LSE,TEMPLETON EMERGING MARKETS INVE,EQUITY,2708291.0,2374419.0,,944560316.0
TEP.L,1093990784.0,Utilities,Utilities - Diversified,GBp,LSE,TELECOM PLUS PLC ORD 5P,EQUITY,214990.0,179018.0,73246365.0,80087177.0
TFIF.L,947128704.0,Financial Services,Asset Management,GBp,LSE,TWENTYFOUR INCOME FUND LIMITED ,EQUITY,2700641.0,2501331.0,,850205296.0
THG.L,488502816.0,Consumer Cyclical,Internet Retail,GBp,LSE,THG PLC ORD GBP0.005,EQUITY,5504172.0,5023749.0,517257235.0,1557725726.0
THRG.L,414184160.0,,,GBp,LSE,BLACKROCK THROGMORTON TRUST PLC,EQUITY,282709.0,508645.0,,75033364.0
THRL.L,654970688.0,,,GBp,LSE,TARGET HEALTHCARE REIT PLC ORD ,EQUITY,1432527.0,1454174.0,,620237346.0
TMPL.L,1168726016.0,,,GBp,LSE,TEMPLE BAR INVESTMENT TRUST PLC,EQUITY,1125740.0,1466914.0,,298144378.0
TPK.L,1225495552.0,Industrials,Industrial Distribution,GBp,LSE,TRAVIS PERKINS PLC,EQUITY,714985.0,1025947.0,209207037.0,211840211.0
TRIG.L,1634410368.0,Utilities,Utilities - Renewable,GBp,LSE,THE RENEWABLES INFRASTRUCTURE G,EQUITY,8182039.0,8656179.0,,2369848482.0
TRN.L,870527872.0,Consumer Cyclical,Travel Services,GBp,LSE,TRAINLINE PLC ORD 1P,EQUITY,2860678.0,2138918.0,394131402.0,367486252.0
TRST.L,874267392.0,Technology,Software - Application,GBp,LSE,TRUSTPILOT GROUP PLC ORD GBP0.0,EQUITY,4167692.0,3030149.0,331943124.0,386750057.0
TRY.L,1020283392.0,,,GBp,LSE,TR PROPERTY INVESTMENT TRUST PL,EQUITY,831584.0,1062221.0,,317350980.0
TW.L,3024627200.0,Consumer Cyclical,Residential Construction,GBp,LSE,TAYLOR WIMPEY PLC ORD 1P,EQUITY,27000346.0,34026108.0,3491530047.0,3508563619.0
UEM.L,509258496.0,Financial Services,Asset Management,GBp,LSE,UTILICO EMERGING MARKETS TRUST ,EQUITY,445191.0,469796.0,,175606391.0
UKW.L,2272866048.0,,,GBp,LSE,GREENCOAT UK WIND PLC ORD 1P,EQUITY,5328715.0,5488875.0,,2158467376.0
USA.L,826020224.0,,,GBp,LSE,BAILLIE GIFFORD US GROWTH TRUST,EQUITY,640333.0,894531.0,,276723700.0
UTG.L,2446758400.0,Real Estate,REIT - Diversified,GBp,LSE,UNITE GROUP PLC ORD 25P,EQUITY,3694374.0,2847285.0,430513078.0,529860396.0
VCT.L,540166976.0,Basic Materials,Specialty Chemicals,GBp,LSE,VICTREX PLC ORD 1P,EQUITY,304549.0,180279.0,67442174.0,87123711.0
VEIL.L,1033250304.0,,,GBp,LSE,VIETNAM ENTERPRISE INVESTMENTS ,EQUITY,215326.0,283321.0,,138754569.0
VOF.L,586887872.0,Financial Services,Asset Management,GBp,LSE,VINACAPITAL VIETNAM OPPORTUNITY,EQUITY,407059.0,217091.0,,123455339.0
VSVS.L,1067023424.0,Basic Materials,Steel,GBp,LSE,VESUVIUS PLC ORD 10P,EQUITY,536641.0,595306.0,171154586.0,246198286.0
VTY.L,1081155200.0,Consumer Cyclical,Residential Construction,GBp,LSE,VISTRY GROUP PLC ORD 50P,EQUITY,2244813.0,2751219.0,221024747.0,318112828.0
WIX.L,507105600.0,Consumer Cyclical,Home Improvement Retail,GBp,LSE,WICKES GROUP PLC ORD GBP0.10,EQUITY,670795.0,1361012.0,211307321.0,222414739.0
WIZZ.L,1026852288.0,Industrials,Airlines,GBp,LSE,WIZZ AIR HOLDINGS PLC ORD GBP0.,EQUITY,1145273.0,1323675.0,86719532.0,103461185.0
WKP.L,724158656.0,Real Estate,REIT - Office,GBp,LSE,WORKSPACE GROUP PLC ORD GBP1,EQUITY,665756.0,599957.0,135480215.0,192288547.0
WOSG.L,1164002944.0,Consumer Cyclical,Luxury Goods,GBp,LSE,WATCHES OF SWITZERLAND GROUP PL,EQUITY,701159.0,604382.0,217501252.0,231412113.0
WPP.L,2699007488.0,Communication Services,Advertising Agencies,GBp,LSE,WPP PLC ORD 10P,EQUITY,6200647.0,7564357.0,1078060767.0,1078524533.0
WWH.L,1282671616.0,Financial Services,Asset Management,GBp,LSE,WORLDWIDE HEALTHCARE TRUST PLC ,EQUITY,1226363.0,1276805.0,,373162417.0
XPS.L,619530176.0,Consumer Cyclical,Personal Services,GBp,LSE,XPS PENSIONS GROUP PLC ORD GBP0,EQUITY,804901.0,358882.0,180385157.0,204465415.0
ZIG.L,915907456.0,Industrials,Rental & Leasing Services,GBp,LSE,ZIGUP PLC ORD 50P,EQUITY,763018.0,629616.0,212788476.0,227554635.0
